source	default_branch	head_count	tag_count	pr_ref_count	all_ref_content_status	chunk_id	refs_considered	content_entry_count	unique_blob_count	all_ref_content_sha256	evidence_path
limecloud/lime	main	1	99	43	ok	chunk-0020	143	560012	34358	46d117f50d7d3f1d603912bb338c03ca1ac9476db362cbdb27cba266ba771cc9	docs/governance/helix-agent-harness-topic-all-ref-content-chunk-0020-2026-07-07.tsv
agentscope-ai/QwenPaw	main	4	87	2936	ok	chunk-0019	3027	4090888	20894	a7d2a9ee78f6604dfce529265d250b69b6a54f97b26807daf28d812f1b9a5b4f	docs/governance/helix-agent-harness-topic-all-ref-content-chunk-0019-2026-07-07.tsv
tmgthb/Autonomous-Agents	main	1	0	2	ok	chunk-0016	3	39	24	afa9df37c9c08d7ee732508ac0deaffb3565a992c0a22946432aabff41179e8c	docs/governance/helix-agent-harness-topic-all-ref-content-chunk-0016-2026-07-07.tsv
Picrew/awesome-agent-harness	main	1	0	50	ok	chunk-0003	51	2053	163	d5a5c43aaf825cc3169645fa2798b6b64c6963436256840d65e5e78703951abb	docs/governance/helix-agent-harness-topic-all-ref-content-chunk-0003-2026-07-07.tsv
holaboss-ai/holaOS	main	37	1	374	ok	chunk-0017	412	306746	6614	3b1ad9aa275a5807d719b6c5a4dc348a6f3e66072a8fac5e9720c4e579050926	docs/governance/helix-agent-harness-topic-all-ref-content-chunk-0017-2026-07-07.tsv
first-fluke/oh-my-agent	main	7	492	566	ok	chunk-0017	1065	1394018	13501	05c6bb920f97a7664d198a720fa5c486c9237d8b0a6bf1a78aad35fb15c861e4	docs/governance/helix-agent-harness-topic-all-ref-content-chunk-0017-2026-07-07.tsv
Mintplex-Labs/anything-llm	master	114	33	2119	ok	chunk-0019	2267	1997863	24983	372eac422c9fca0f5a4fdf34cf722cc5f6e869258f8b48959e3fd16860c698e6	docs/governance/helix-agent-harness-topic-all-ref-content-chunk-0019-2026-07-07.tsv
trustgraph-ai/trustgraph	master	81	560	914	ok	chunk-0019	1555	1424750	10722	6897d49a33a1d9dd9e7db1681b77dc3aa5d937d8cc559d7a4c42ae045eaa0195	docs/governance/helix-agent-harness-topic-all-ref-content-chunk-0019-2026-07-07.tsv
ai-boost/awesome-harness-engineering	main	4	0	188	ok	chunk-0003	192	2306	194	8f44303760969a15206361f810a1e705fb24a8802671a060194bca6ffc770065	docs/governance/helix-agent-harness-topic-all-ref-content-chunk-0003-2026-07-07.tsv
peteromallet/desloppify	main	4	10	293	ok	chunk-0015	307	383886	7324	738f44a6a1d6c2c79d3ac3543247143ac195b84fe24fbf110a88ba92666fb37a	docs/governance/helix-agent-harness-topic-all-ref-content-chunk-0015-2026-07-07.tsv
thClaws/thClaws	main	13	141	88	ok	chunk-0016	242	93640	2924	522eda1454e304eba1b66113d862c02031bbbc06eddd2bbc9138e7cdc35b8581	docs/governance/helix-agent-harness-topic-all-ref-content-chunk-0016-2026-07-07.tsv
lobehub/lobehub	canary	722	2949	9441	ok	chunk-0021	13115	82163840	150236	d6c6237df9bb2477a58574b1ff7617a6db94b55de10e7143b065bcc5cc4607b0	docs/governance/helix-agent-harness-topic-all-ref-content-chunk-0021-2026-07-07.tsv
Chorus-AIDLC/Chorus	main	46	32	372	ok	chunk-0020	454	367184	4728	6350c669e90c82e4b22dad4f9defdf6ba7aa65e0cb6d28a74563ea80de5d479f	docs/governance/helix-agent-harness-topic-all-ref-content-chunk-0020-2026-07-07.tsv
AI-Builder-Club/skills	main	2	0	8	ok	chunk-0004	10	253	54	7257e91587dde6f87e85adc5575b2399708a90b5ec41654363cb5b48090f8542	docs/governance/helix-agent-harness-topic-all-ref-content-chunk-0004-2026-07-07.tsv
mateaix/mateclaw	dev	2	13	158	ok	chunk-0016	173	442413	6666	7de233930907fdc97091827995b3920a4e77a27787d10356d07f1aa6ad49b0be	docs/governance/helix-agent-harness-topic-all-ref-content-chunk-0016-2026-07-07.tsv
desplega-ai/agent-swarm	main	764	133	882	ok	chunk-0020	1778	2699507	12640	6ed1d7638037c25c53caf99f4d1f5c5e3961e30250bf4d4c95c3e4c2f5a63664	docs/governance/helix-agent-harness-topic-all-ref-content-chunk-0020-2026-07-07.tsv
zhnt/loushang	main	3	0	182	ok	chunk-0006	185	213748	3347	ebef3971079fd7738fa4f648f3b4bee04385c51d3e964904c3dbffa8a1167933	docs/governance/helix-agent-harness-topic-all-ref-content-chunk-0006-2026-07-07.tsv
AutoJunjie/awesome-agent-harness	main	3	0	40	ok	chunk-0012	43	934	46	333f923a30a7e1b5333d20c70aa7413601f880cf461c9d52b9e3924fd080ea7c	docs/governance/helix-agent-harness-topic-all-ref-content-chunk-0012-2026-07-07.tsv
Team-Commonly/commonly	main	260	3	569	ok	chunk-0017	832	994020	10830	66b948253031bb1cdcc09a78c9fce62d308a7018844233ddd11c1dfa229ddeae	docs/governance/helix-agent-harness-topic-all-ref-content-chunk-0017-2026-07-07.tsv
exon-research/genomi	master	1	1	1	ok	chunk-0006	3	1272	726	e09105672146b901e4cf589b5c1a59904b34cd284e2d635fa11de7b594bb78ac	docs/governance/helix-agent-harness-topic-all-ref-content-chunk-0006-2026-07-07.tsv
clawdotnet/openclaw.net	main	50	4	148	ok	chunk-0014	202	170912	3870	59352c622a52ad6fb7c4faba671557e3a1688fc50c77d80f24273a7d61a3538d	docs/governance/helix-agent-harness-topic-all-ref-content-chunk-0014-2026-07-07.tsv
ruvnet/metaharness	main	48	3	92	ok	chunk-0015	158	452930	4423	f3b6756c3ac1cc5431aaafe56074652abec60460146618153562c57e5b980ba2	docs/governance/helix-agent-harness-topic-all-ref-content-chunk-0015-2026-07-07.tsv
SponsioLabs/Sponsio	main	6	8	100	ok	chunk-0014	114	59554	2034	bcc45315dd5db6dd07127090756ec4e19092e019d12ad4ea033c56746870054f	docs/governance/helix-agent-harness-topic-all-ref-content-chunk-0014-2026-07-07.tsv
shamspias/customizable-gpt-chatbot	main	7	0	19	ok	chunk-0006	26	1805	400	7511dd4d8a23854b053c90455aeb27b71674396701d309e0400b5c9cb770534d	docs/governance/helix-agent-harness-topic-all-ref-content-chunk-0006-2026-07-07.tsv
agentic-in/inferoa	main	1	24	6	ok	chunk-0020	31	8005	1028	186663b7debb81a0ca0673aead1ae6ec310f89ec36050e67c48ae80dfc6ca2b2	docs/governance/helix-agent-harness-topic-all-ref-content-chunk-0020-2026-07-07.tsv
deonmenezes/mantishack	main	11	0	105	ok	chunk-0015	119	143432	10025	de813535e881d538df8e0371170c9a79aa479d774bd7e2febd0a5672e09a00df	docs/governance/helix-agent-harness-topic-all-ref-content-chunk-0015-2026-07-07.tsv
Gloriaameng/Awesome-Agent-Harness	main	1	0	5	ok	chunk-0014	6	66	15	f80af3e8dbef4b4f12fefd27359ca53fef306bf77e69030a5c32d400a90e6849	docs/governance/helix-agent-harness-topic-all-ref-content-chunk-0014-2026-07-07.tsv
0xNyk/lacp	main	75	14	118	ok	chunk-0005	207	74797	935	faad7ed35abc000988c47ccdee89f913a9a0aac72bb297a466f1001d09b74899	docs/governance/helix-agent-harness-topic-all-ref-content-chunk-0005-2026-07-07.tsv
manthanguptaa/water	main	1	4	5	ok	chunk-0004	10	1595	414	ac36b505e8708003227485a4e2bf181247559dbccecf6001c79d5f3d7c4ce26c	docs/governance/helix-agent-harness-topic-all-ref-content-chunk-0004-2026-07-07.tsv
RyanAlberts/best-of-Agent-Harnesses	main	26	3	51	ok	chunk-0006	80	4655	652	1bbd4e647c350ac388470e6baf1a60b31372098633f2fcab76f76c5d5eb4828d	docs/governance/helix-agent-harness-topic-all-ref-content-chunk-0006-2026-07-07.tsv
omnirexflora-labs/omnicoreagent	main	3	34	214	ok	chunk-0013	251	60166	3440	8ec35326ed89d3b1e282d6c092ad05aa300a2912f0b7b27d693e9e592461b8d5	docs/governance/helix-agent-harness-topic-all-ref-content-chunk-0013-2026-07-07.tsv
Intelligent-Internet/zenith	main	4	0	13	ok	chunk-0013	17	1618	304	e6463fd174b8296e24b5e268dd00cc4f12b9f4dfbfc29b594a54f625d9f3489d	docs/governance/helix-agent-harness-topic-all-ref-content-chunk-0013-2026-07-07.tsv
LearnPrompt/cc-harness-skills	main	1	2	0	ok	chunk-0002	3	128	45	e55652693d1b5943b0b2bb2767b45664b4550760c51c9612c541da3d0af417cb	docs/governance/helix-agent-harness-topic-all-ref-content-chunk-0002-2026-07-07.tsv
ReinaMacCredy/maestro	main	5	55	76	ok	chunk-0016	136	95908	8064	6020ca22a8817df55fb51056c9605d26c07303a5c438eead73f8b50393bca219	docs/governance/helix-agent-harness-topic-all-ref-content-chunk-0016-2026-07-07.tsv
bitrouter/bitrouter	main	63	67	489	ok	chunk-0007	622	177805	4592	1f0c1840fe45ff0a809c19054d875faa404bc93d50b3e0a43cefee3ec55ecca1	docs/governance/helix-agent-harness-topic-all-ref-content-chunk-0007-2026-07-07.tsv
mattolson/agent-sandbox	main	3	5	125	ok	chunk-0005	133	23526	1280	c4cc2f03ba06a97c2b5f220cc149752eab97fc8a3bc52e769c54c74a8ee06fd4	docs/governance/helix-agent-harness-topic-all-ref-content-chunk-0005-2026-07-07.tsv
Zleap-AI/Zleap-Agent	main	1	10	2	ok	chunk-0010	13	7742	962	9349d83d5d159ce529e3c5854a2d343b727d6c501f58e7cbf9ee4ecbf565bebd	docs/governance/helix-agent-harness-topic-all-ref-content-chunk-0010-2026-07-07.tsv
sd0xdev/sd0x-dev-flow	main	2	112	2	ok	chunk-0008	116	42166	2394	a6d9db45463d2c6dbe2609bc783ab049e72816c492d00a281007f7143a2b85b6	docs/governance/helix-agent-harness-topic-all-ref-content-chunk-0008-2026-07-07.tsv
Magma1321/mythos-agent-pipe	main	1	0	0	ok	chunk-0002	1	6	6	4460b79caeacbd86a50a49f7dcb13d3d4ebda0f59c4f1bc110d79bc23795504a	docs/governance/helix-agent-harness-topic-all-ref-content-chunk-0002-2026-07-07.tsv
romiluz13/cc10x	main	4	29	15	ok	chunk-0010	48	4061	1365	7c38df998989ef5bab6ed4e61b64e62cd6b69447b742f173e7d0c791e31b34bf	docs/governance/helix-agent-harness-topic-all-ref-content-chunk-0010-2026-07-07.tsv
enmanuelmag/agent-harness-kit	main	2	32	2	ok	chunk-0004	36	4283	432	4b25385b645315748878b218d9f07fba91bb1d460e739c6a965ba2011bca099d	docs/governance/helix-agent-harness-topic-all-ref-content-chunk-0004-2026-07-07.tsv
RUCAIBox/awesome-agent-harness	main	1	0	4	ok	chunk-0006	5	27	7	4b69ad908a7717be700ee694625a15c9bfde3d5f4ca7d31880922ba205df841c	docs/governance/helix-agent-harness-topic-all-ref-content-chunk-0006-2026-07-07.tsv
inngest/utah	main	5	0	26	ok	chunk-0003	31	1581	285	5259e662337f7759aea6d853e7d83eafe34cbe6d29d0193a842e0854f8fcffd5	docs/governance/helix-agent-harness-topic-all-ref-content-chunk-0003-2026-07-07.tsv
UnicomAI/UniHarness	main	11	0	30	ok	chunk-0007	41	14175	1122	c79b654d406cbc4c46d1c2ba8481770b91b12b514a99ef243afcf627d9f4668a	docs/governance/helix-agent-harness-topic-all-ref-content-chunk-0007-2026-07-07.tsv
deepfates/cantrip	main	1	2	18	ok	chunk-0006	21	5276	1168	d21c2553065ed551d3b1d22387658d888a368855830e981ab11e583d6682c4ac	docs/governance/helix-agent-harness-topic-all-ref-content-chunk-0006-2026-07-07.tsv
wulawulu/learn-claude-code-rs	main	6	1	0	ok	chunk-0005	7	2147	325	f8376e1f452fc95239faa723250427b4f39813fd12a700e069f796c24b560637	docs/governance/helix-agent-harness-topic-all-ref-content-chunk-0005-2026-07-07.tsv
RightNow-AI/AutoMegaKernel	main	1	0	0	ok	chunk-0004	1	167	167	80bbc2859b1e44eee8c170581f948ad8e1a1afebe55404d85eea9097544b1469	docs/governance/helix-agent-harness-topic-all-ref-content-chunk-0004-2026-07-07.tsv
SonicBotMan/SoloFlow	main	20	9	40	ok	chunk-0005	69	14810	680	ff17f9ac932ed076e85b1d0837010a1751642334ee58cc1f5a060c471201d143	docs/governance/helix-agent-harness-topic-all-ref-content-chunk-0005-2026-07-07.tsv
shamspias/reins	main	30	0	33	ok	chunk-0003	63	6807	321	520374829cee1577def198c4f7b551d592163b4f7617cb78898a81ad1642d5c1	docs/governance/helix-agent-harness-topic-all-ref-content-chunk-0003-2026-07-07.tsv
mturac/everything-openai-codex	main	6	1	22	ok	chunk-0015	29	81693	3409	c699d86484850c01017d732fa50ee07573bf82d09026939546b398415e0add51	docs/governance/helix-agent-harness-topic-all-ref-content-chunk-0015-2026-07-07.tsv
WanLanglin/-awesome-cc-harness	main	1	0	0	ok	chunk-0009	1	80	43	2a7c211599cc067215ac80d2f45266ca7d099c5df300a775a9730538305065c7	docs/governance/helix-agent-harness-topic-all-ref-content-chunk-0009-2026-07-07.tsv
7-e1even/learn-agent	main	1	0	0	ok	chunk-0003	1	84	77	f64b7e28a6729cf3402558d9639c8b4e506192372c9ae201c4de5df83b307503	docs/governance/helix-agent-harness-topic-all-ref-content-chunk-0003-2026-07-07.tsv
smartcomputer-ai/lightspeed	main	4	0	24	ok	chunk-0009	28	11069	2197	05011f43651bc2a77a073a254388cb42555788685dc6ba28cac193aa4a0c3d55	docs/governance/helix-agent-harness-topic-all-ref-content-chunk-0009-2026-07-07.tsv
genai-io/san	main	2	112	257	ok	chunk-0016	371	199029	6375	32a09786b4a55883bbff6ae75e67e6e5ff860b2c51d25ea70253ed064edb15ee	docs/governance/helix-agent-harness-topic-all-ref-content-chunk-0016-2026-07-07.tsv
appsoftwareltd/vscode-agent-kanban	main	1	15	2	ok	chunk-0004	18	989	233	786a9910c5dbbb73fb25bd67b4e04d2ac7286191aa2dc51422f0435596cd5b9c	docs/governance/helix-agent-harness-topic-all-ref-content-chunk-0004-2026-07-07.tsv
vitaliikapliuk/modelharness	main	1	1	0	ok	chunk-0002	2	386	174	4249bf5be8d994a2e34547c81b975fdad028b0263a467a773c10615bddef49e6	docs/governance/helix-agent-harness-topic-all-ref-content-chunk-0002-2026-07-07.tsv
mvschwarz/openrig	main	5	14	7	ok	chunk-0011	26	30011	3200	847a1d4e4522cc327597804678b8918ae53bf3105a286bd91483f0ee89e7a19b	docs/governance/helix-agent-harness-topic-all-ref-content-chunk-0011-2026-07-07.tsv
holny/Agent-Harness-Develop-Book	main	1	0	0	ok	chunk-0004	1	2	2	4abf8e8037ca19aeba272053fce29929036796a3a76cf6003822ea302385d530	docs/governance/helix-agent-harness-topic-all-ref-content-chunk-0004-2026-07-07.tsv
Coral-Bricks-AI/reef	main	1	3	14	ok	chunk-0005	18	1604	474	d63f3c51d5a6aab05a8975c0e083c117f6372fa9755d37d37f60523a45525225	docs/governance/helix-agent-harness-topic-all-ref-content-chunk-0005-2026-07-07.tsv
SihyeonJeon/why-was-fable-banned	main	1	1	0	ok	chunk-0010	2	99	93	7a493181c743725c89830e96a6276006811701072879386076d89fc8eca8351b	docs/governance/helix-agent-harness-topic-all-ref-content-chunk-0010-2026-07-07.tsv
TRocket-Labs/vectorlint	main	61	9	99	ok	chunk-0005	169	25183	1153	b96141802eb1033dfadf8f6bd3e27c3c7c63eefc5d57c25b17cc153fd653fd07	docs/governance/helix-agent-harness-topic-all-ref-content-chunk-0005-2026-07-07.tsv
strangeadvancedmarketing/Adam	master	1	4	1	ok	chunk-0004	6	293	154	bbdd1421b4ec45b164a6cd477befb45fbde82ce75be87e268330591ed8f857d6	docs/governance/helix-agent-harness-topic-all-ref-content-chunk-0004-2026-07-07.tsv
Mintplex-Labs/anythingllm-mobile	main	1	0	24	ok	chunk-0016	25	13645	1065	dbaea3723f73d94479b20d658e0978251769977b177cc469980c20c600219cb8	docs/governance/helix-agent-harness-topic-all-ref-content-chunk-0016-2026-07-07.tsv
xiaonancs/claude-code-source-analysis	main	1	0	0	ok	chunk-0013	1	38	38	da89d6b7f39ed37713c59eb2afa7d69f7f44dcbcd30923eae593ee98775f5122	docs/governance/helix-agent-harness-topic-all-ref-content-chunk-0013-2026-07-07.tsv
InternScience/ResearchHarness	main	1	17	1	ok	chunk-0004	19	1741	272	b017cfdf09270d1e01fb44a05011c72f713618274b58b61def8875e87ddd86fa	docs/governance/helix-agent-harness-topic-all-ref-content-chunk-0004-2026-07-07.tsv
whut09/paper_agent	main	7	0	16	ok	chunk-0010	23	2100	202	2221a24dc8863b2f0cce543a5c5b2ec9816d8159b59c3c1b266f508987d5db23	docs/governance/helix-agent-harness-topic-all-ref-content-chunk-0010-2026-07-07.tsv
agenticenv/agent-sdk-go	main	1	19	21	ok	chunk-0014	41	9277	1285	b6860ed9ea9a46a03ec0a4f35f834aeafec49dad59e6781c63ef9e5a603cff23	docs/governance/helix-agent-harness-topic-all-ref-content-chunk-0014-2026-07-07.tsv
clawboo/clawboo	main	1	31	46	ok	chunk-0012	78	33690	2196	492b609f12c9a6ee892c5b8f5f354a4a76d5cc64fc79e9e396b7d5ceb7f31686	docs/governance/helix-agent-harness-topic-all-ref-content-chunk-0012-2026-07-07.tsv
ganimjeong/Harness-for-claude	main	1	1	0	ok	chunk-0001	2	55	29	7bd42607da18c9d7f7e35ed887d566e1a78c63196d05a21b524ad2f09b3456ac	docs/governance/helix-agent-harness-topic-all-ref-content-chunk-0001-2026-07-07.tsv
MatthewZMD/agent-digivolve-harness-loop	main	1	0	0	ok	chunk-0003	1	43	43	62cb1568e751c5d1baa50dd942100795de5f39142df9c92c87ead78f82754a80	docs/governance/helix-agent-harness-topic-all-ref-content-chunk-0003-2026-07-07.tsv
majiayu000/vibeguard	main	93	9	344	ok	chunk-0009	446	252332	4615	4f54e0e5c1632a76256b7bc66b1849f1189fbcbb2693ed98c2e797eb1b8b355c	docs/governance/helix-agent-harness-topic-all-ref-content-chunk-0009-2026-07-07.tsv
410979729/proofrail-hermes	main	1	11	0	ok	chunk-0003	12	495	178	552416d7d2c911e6ab1f3d21e8f06f9b26940c421ea7f413c98fb0242c541be2	docs/governance/helix-agent-harness-topic-all-ref-content-chunk-0003-2026-07-07.tsv
michael-chow-arch/goldfxgraph	main	1	0	10	ok	chunk-0009	11	2026	408	6fb775f37fcfd24881497c0499fe358a1d2ca9c63c57e94df46e9a1fca067066	docs/governance/helix-agent-harness-topic-all-ref-content-chunk-0009-2026-07-07.tsv
xiaonancs/hermes-agent-study	main	3	0	2	ok	chunk-0005	5	208	70	61ba98172868bb82144db8acf76f6b1211bf4e1912d1816d2088c597b22aee50	docs/governance/helix-agent-harness-topic-all-ref-content-chunk-0005-2026-07-07.tsv
sehoon787/my-codex	main	17	14	49	ok	chunk-0006	80	16273	1120	819ef40ac3aab26a88a688a4b2306e7e57bf7023ef86c4bcd98d72b03feadbf6	docs/governance/helix-agent-harness-topic-all-ref-content-chunk-0006-2026-07-07.tsv
Rockielab/rockie-claude	main	5	0	20	ok	chunk-0004	25	10783	595	bd0e68b7db5c860b7ea1e7aad38bb65470e156501eb0b228c6d46838fb54b60d	docs/governance/helix-agent-harness-topic-all-ref-content-chunk-0004-2026-07-07.tsv
joyehuang/Learn-Open-Harness	main	2	0	6	ok	chunk-0017	8	541	157	51bc37f5e7215137ccf6609182039f445d79c4355bf30fc566b29fbdf6808551	docs/governance/helix-agent-harness-topic-all-ref-content-chunk-0017-2026-07-07.tsv
move-hoon/sober	main	1	18	0	ok	chunk-0003	19	1837	297	402d635d2470227f83559e887875b5cf080f36d57a5321545de61354449685d7	docs/governance/helix-agent-harness-topic-all-ref-content-chunk-0003-2026-07-07.tsv
cosmtrek/jeju	master	3	16	1	ok	chunk-0005	20	5337	588	676b751823314356e0b882a61f951d0e20774cf71ed681aba631879783bfec8e	docs/governance/helix-agent-harness-topic-all-ref-content-chunk-0005-2026-07-07.tsv
HaseebKhalid1507/SynapsCLI	main	35	24	57	ok	chunk-0011	116	36993	1681	3a34ddd3173b78d28509cd35f2f33cc82e1b6bcb3356da153318b7b2158e1350	docs/governance/helix-agent-harness-topic-all-ref-content-chunk-0011-2026-07-07.tsv
core0-io/nio	main	4	25	8	ok	chunk-0006	37	8849	1351	41bb2e84fced049f2b76fcc1fdc03dc6ce8c16c2ba6526b32bfca21a53b2803b	docs/governance/helix-agent-harness-topic-all-ref-content-chunk-0006-2026-07-07.tsv
edvinhallvaxhiu/langchain-task-steering	main	5	5	8	ok	chunk-0003	18	737	111	6f79da9cd86c2418f878c7874aeadebbb77d4033f91e104c7adad3b3f243ad33	docs/governance/helix-agent-harness-topic-all-ref-content-chunk-0003-2026-07-07.tsv
MeherBhaskar/agent-rigor	main	1	0	0	ok	chunk-0005	1	48	48	db190717823e39e09f1a8eca3ce22b2070c4eddbf8ab2727332c2548e309e19a	docs/governance/helix-agent-harness-topic-all-ref-content-chunk-0005-2026-07-07.tsv
zxpmail/ReqForge	main	3	4	3	ok	chunk-0005	10	18557	974	247d91bac94c4454e675a7baee4402afc4861af721e57ee473d8b70a08be7670	docs/governance/helix-agent-harness-topic-all-ref-content-chunk-0005-2026-07-07.tsv
leodido/structcli	main	79	14	172	ok	chunk-0010	265	30092	987	5937c9dd1ba366a2764d9ccae7bab80995421d29de4c9a9bb9a30b4b10c5e20b	docs/governance/helix-agent-harness-topic-all-ref-content-chunk-0010-2026-07-07.tsv
lukas-grigis/ralphctl	main	1	51	198	ok	chunk-0011	250	197148	7883	ad7658d1840602954b20c05d0bbc0dc661f447884a9fda9252d36af21a7fb1e0	docs/governance/helix-agent-harness-topic-all-ref-content-chunk-0011-2026-07-07.tsv
WhitzardAgent/qitos	main	3	2	10	ok	chunk-0013	15	14407	2048	239ff5a699b8ede10a21e79a18fb5e7b35e1cbd96074e96b6a8fc715608a6f48	docs/governance/helix-agent-harness-topic-all-ref-content-chunk-0013-2026-07-07.tsv
BicaMindLabs/FuguNano	main	1	1	12	ok	chunk-0005	14	5881	759	97600e37db494cdfa5edcd74a1a50d88f1b5f09fbc964a4c4e648f9f31c7b82c	docs/governance/helix-agent-harness-topic-all-ref-content-chunk-0005-2026-07-07.tsv
kiaquila/unicorn-hub	main	6	0	13	ok	chunk-0003	19	2031	241	d7a9e6bb23fdd40306e82631f3d53973ed9b261183382d6d47ad61b144d5a09c	docs/governance/helix-agent-harness-topic-all-ref-content-chunk-0003-2026-07-07.tsv
tomcounsell/ai	main	327	0	829	ok	chunk-0020	1156	1417418	13740	6be7bb86e2ff78f1d893b22793fad31f7f73f967ec558fc39e9ff4f0314067f2	docs/governance/helix-agent-harness-topic-all-ref-content-chunk-0020-2026-07-07.tsv
knewstimek/gorchera	master	1	11	0	ok	chunk-0016	12	876	198	461b23a618442ac320dddc8cebdf6d706e1eae2e167197a2f79cbdddc10d68c5	docs/governance/helix-agent-harness-topic-all-ref-content-chunk-0016-2026-07-07.tsv
HexamindOrganisation/hexgate	main	69	9	74	ok	chunk-0007	152	52610	1772	f2062aa5bb9b15562913b4e8088368a5c9b1fb98d7d4652a5c397530aa6cec04	docs/governance/helix-agent-harness-topic-all-ref-content-chunk-0007-2026-07-07.tsv
Open-Harness/open-harness	master	7	2	88	ok	chunk-0010	97	54359	3974	3fd7ede592385c4a6c0f436b69ff53fbe8e5b3ce5b70c3760e843d133200e208	docs/governance/helix-agent-harness-topic-all-ref-content-chunk-0010-2026-07-07.tsv
zosmaai/dhara	main	6	40	139	ok	chunk-0016	185	41110	917	a0a96fd9e2393fc2de3f894d713b0a3f19c052d717e21cbf89661c31fb026302	docs/governance/helix-agent-harness-topic-all-ref-content-chunk-0016-2026-07-07.tsv
asa-degroff/Porrima	main	2	7	4	ok	chunk-0007	13	5063	529	941e50c3be0ddc966f0cee44909043c4ed4bfafa972b8d3355cddf6bbf19f526	docs/governance/helix-agent-harness-topic-all-ref-content-chunk-0007-2026-07-07.tsv
jity16/MiNerva	main	1	0	0	ok	chunk-0014	1	336	320	cc5d5b3b63a9129968699eefa7a626695a6bd26585affc0ac427329088bb29a4	docs/governance/helix-agent-harness-topic-all-ref-content-chunk-0014-2026-07-07.tsv
listener-He/java-harness-agent	claude-code	4	5	0	ok	chunk-0005	9	1215	620	3946398cfa77674f206bee794b1dee1d847ebcdffd4933758ebea09335c84515	docs/governance/helix-agent-harness-topic-all-ref-content-chunk-0005-2026-07-07.tsv
microsoft/Build26-BRK243-claw-and-agent-harness-in-microsoft-foundry	main	1	0	0	ok	chunk-0005	1	175	174	3dac710d9efb9162a69ae55defa97ea6d29cf66cf4a9cf6ca1ba2ca904a2b883	docs/governance/helix-agent-harness-topic-all-ref-content-chunk-0005-2026-07-07.tsv
BA-CalderonMorales/agent-harness	main	2	84	3	ok	chunk-0017	89	12904	898	29b6cad03e574cff697abecfb2265f1b9e59e618e89d05212752d0400258e64e	docs/governance/helix-agent-harness-topic-all-ref-content-chunk-0017-2026-07-07.tsv
Ranvier-Technologies/pixir	main	2	0	1	ok	chunk-0004	6	2244	383	59bbbf89766601fd9c0096a64e3d114761fef24a2d5a05a79a6a8ce78fe3ef99	docs/governance/helix-agent-harness-topic-all-ref-content-chunk-0004-2026-07-07.tsv
sehoon787/my-claude	main	1	10	151	ok	chunk-0005	162	34596	1481	b2d9d69372218c3159f0ec35e2d6f1e3507cefb385ced26166313561d78ded26	docs/governance/helix-agent-harness-topic-all-ref-content-chunk-0005-2026-07-07.tsv
Dominien/hubspot-sales-agent	main	1	0	1	ok	chunk-0003	2	180	85	110912c8f8b75ae6f24ba74efdd029cea735969261c08b4a6da5b1a155ab50d9	docs/governance/helix-agent-harness-topic-all-ref-content-chunk-0003-2026-07-07.tsv
joctaTorres/ratchet	main	12	0	47	ok	chunk-0009	57	44403	1695	85025a94121fb9fcc311ce2aa8a6aef75421e5e8da4538225a34f742e9f16b3b	docs/governance/helix-agent-harness-topic-all-ref-content-chunk-0009-2026-07-07.tsv
prakashkagitha/evolving-agent-harnesses	main	2	0	1	ok	chunk-0010	3	686	239	ebe4563e4cea79c09726d122ce1ba5866d6a4ec70eb84ed92fd06982d8f6113f	docs/governance/helix-agent-harness-topic-all-ref-content-chunk-0010-2026-07-07.tsv
ianphil/chamber	master	33	98	234	ok	chunk-0008	365	170381	3957	c664712376f718011a9e07c228fa31b0513a9a2edd2bd181a5a21fc714364b9d	docs/governance/helix-agent-harness-topic-all-ref-content-chunk-0008-2026-07-07.tsv
schalkneethling/skills-autoresearch-flue	main	6	0	63	ok	chunk-0004	69	6852	295	735c26b5c4229e7fad4e1615788103b57af0d755ee7b94b74ad14afd1e271d94	docs/governance/helix-agent-harness-topic-all-ref-content-chunk-0004-2026-07-07.tsv
chensheng/opc-harness	main	1	0	0	ok	chunk-0011	1	688	646	22612f8142a64d9d474d1c0c1d8fb5fdc38f2b436e46e32b974c41ec7f9e3b6c	docs/governance/helix-agent-harness-topic-all-ref-content-chunk-0011-2026-07-07.tsv
memtomem/memtomem	main	30	76	1200	ok	chunk-0013	1306	761461	6459	9b508f9b87436ba199859cdab551ec217b017dadc4e3db4ed3a7c94070354d67	docs/governance/helix-agent-harness-topic-all-ref-content-chunk-0013-2026-07-07.tsv
clark-labs-inc/clark-agent	main	1	1	0	ok	chunk-0003	2	70	35	62b73568e3fcaab7541aeb5a0863ebcc4249f880698b448fa5958d76cc33a19e	docs/governance/helix-agent-harness-topic-all-ref-content-chunk-0003-2026-07-07.tsv
ahwurm/localharness	main	2	6	0	ok	chunk-0006	8	2342	409	a468abc6e6d05557a15f8dd53e29780121c90f9679f4a789bd118d660217019e	docs/governance/helix-agent-harness-topic-all-ref-content-chunk-0006-2026-07-07.tsv
tenurehq/GroundEval	main	3	1	9	ok	chunk-0009	13	1222	276	3e70961441767501fca595ba43f6a8724b2a1523a7c5f7b8c67507e5cfe635da	docs/governance/helix-agent-harness-topic-all-ref-content-chunk-0009-2026-07-07.tsv
openexec/openexec	main	7	82	15	ok	chunk-0022	104	1047381	12372	e93cf89a37bca801f01dd4efe4994d1816ed878366e8bcabb497fe7b602ae88b	docs/governance/helix-agent-harness-topic-all-ref-content-chunk-0022-2026-07-07.tsv
AAO-SH/fable-harness	main	2	4	4	ok	chunk-0014	10	213	93	2f92b54ae622f7402ec2575c1e1f26b1cebf328c885c9ea35a195b2b8d6c4bc3	docs/governance/helix-agent-harness-topic-all-ref-content-chunk-0014-2026-07-07.tsv
Agent-Pattern-Labs/iso	main	1	90	0	ok	chunk-0004	91	40514	1123	c3abe367ff4d9f58903dd1fa90c5f17694742c2369b671b57c6401bffe9075ce	docs/governance/helix-agent-harness-topic-all-ref-content-chunk-0004-2026-07-07.tsv
3xcaffeine/frontier-swe-openenv	main	9	0	12	ok	chunk-0019	21	2598	266	3ad6e2a24170411c5de965914d08414e89cfe77db533ea8a5de5cfcb4e0d1321	docs/governance/helix-agent-harness-topic-all-ref-content-chunk-0019-2026-07-07.tsv
BitmapAsset/mythos-harness	main	1	0	0	ok	chunk-0002	1	12	12	62af8dd3ff8e25a4891031b7f2ece7cb21a0e3341b8d1d971b14d691900a7348	docs/governance/helix-agent-harness-topic-all-ref-content-chunk-0002-2026-07-07.tsv
chapzin/codex-harness-mcp	master	1	6	0	ok	chunk-0004	7	287	142	34bb99dac7f72413db7d2b8de9f7e98fa3b8c3459d271af31c4b7dc923c9ff76	docs/governance/helix-agent-harness-topic-all-ref-content-chunk-0004-2026-07-07.tsv
monoes/monomind	main	6	84	7	ok	chunk-0020	97	435957	14953	fa385bae82639be427db228cceabb1e4e213157835962147440d6d365912f900	docs/governance/helix-agent-harness-topic-all-ref-content-chunk-0020-2026-07-07.tsv
human-again/orbit	master	2	1	4	ok	chunk-0005	7	834	128	85303328ac84027c9760fdf97b25a2dfe7fc02b2a6753142d101110aad2be0ad	docs/governance/helix-agent-harness-topic-all-ref-content-chunk-0005-2026-07-07.tsv
sky-valley/pi	main	1	11	0	ok	chunk-0004	12	1787	283	2a94f554d6e0c47abd5e58b6f00f44d763e4f5bc3bab5ffa21867b3cfc861e6b	docs/governance/helix-agent-harness-topic-all-ref-content-chunk-0004-2026-07-07.tsv
alvis-HaoH/gkd	main	1	0	0	ok	chunk-0003	1	25	25	072421a46a02d22c7cc5c860ff0161e70b572d63f75545f0ea7b44a80e8ec58d	docs/governance/helix-agent-harness-topic-all-ref-content-chunk-0003-2026-07-07.tsv
huahuadeliaoliao/long-long-run	main	1	1	0	ok	chunk-0003	2	49	26	c81a9196a55fd9574353c6b2b8bd2ec8ac555ce1f00d729a352867dae6e72814	docs/governance/helix-agent-harness-topic-all-ref-content-chunk-0003-2026-07-07.tsv
HKUDS/AutoMemory	main	1	0	0	ok	chunk-0019	1	25982	18356	622e9754b0a6c0b855cc99ef0bcb01caee12d5a5a8e5ef9c078f88475407ae4a	docs/governance/helix-agent-harness-topic-all-ref-content-chunk-0019-2026-07-07.tsv
omarismailb/product-wiki	main	1	2	5	ok	chunk-0005	8	1127	306	ffb893c63eba7155d8d43fda552ab62e045a68512c8bcca9584ee2544f335148	docs/governance/helix-agent-harness-topic-all-ref-content-chunk-0005-2026-07-07.tsv
Nairon-AI/flux	main	7	101	133	ok	chunk-0005	241	57421	1739	cfeb166b942437c0e81073bf608ea98ef6165e975acd61e78a061adb9fe48a09	docs/governance/helix-agent-harness-topic-all-ref-content-chunk-0005-2026-07-07.tsv
hushctl/hush	main	14	23	32	ok	chunk-0009	69	7212	414	a5327940ef7e8ce5aedaca5992ce7dee38e229635c30cf1bc05abeb49801094b	docs/governance/helix-agent-harness-topic-all-ref-content-chunk-0009-2026-07-07.tsv
aksika/abtars	dev	2	3	0	ok	chunk-0011	5	2585	966	b33f998eeb390c85281497a47a5411e4737f6749ee89624c548f79655cc8be3d	docs/governance/helix-agent-harness-topic-all-ref-content-chunk-0011-2026-07-07.tsv
epuerta9/vent	main	1	0	0	ok	chunk-0007	1	35	35	73adacf42035356c6d2637ac36a9a9d955dd53bc21017d995c8de36008dbd68a	docs/governance/helix-agent-harness-topic-all-ref-content-chunk-0007-2026-07-07.tsv
andykswong/mithic	main	4	0	1	ok	chunk-0015	5	2138	1603	19883963292cbb888aeaaa3a5842fa1424bc971e64acbc7688fb3f77b22d544a	docs/governance/helix-agent-harness-topic-all-ref-content-chunk-0015-2026-07-07.tsv
Peadarpol/ai-delivery-control	main	3	15	25	ok	chunk-0005	43	10206	739	4fc954bc68d32856f6b3673991387f07217a5061d8079593628b4c930fc9e981	docs/governance/helix-agent-harness-topic-all-ref-content-chunk-0005-2026-07-07.tsv
yfge/agent-harness-skills	main	1	0	0	ok	chunk-0003	1	72	72	5bcfbb2a7f9197d3ab5b6ae22a477e9c506d675624b38ce0609c355b86d159fe	docs/governance/helix-agent-harness-topic-all-ref-content-chunk-0003-2026-07-07.tsv
xiaonancs/openclaw-study	main	1	0	0	ok	chunk-0008	1	80	80	7211bc7cac25d7a68a4e0d7fe8ad64328ad387638696768aade7ab6b17505f74	docs/governance/helix-agent-harness-topic-all-ref-content-chunk-0008-2026-07-07.tsv
m24927605/ait	main	4	148	3	ok	chunk-0009	155	33818	2451	bff9e0aa0ea8855659ab7a01da9d7dba02a2a1473bfd580fae4f36aa8356bab2	docs/governance/helix-agent-harness-topic-all-ref-content-chunk-0009-2026-07-07.tsv
23ag1/completely	main	1	0	0	ok	chunk-0004	1	143	143	e9596341cfc8902076c0a21593d6c8760ec570b59a254c9f97527dbfbff9b4ec	docs/governance/helix-agent-harness-topic-all-ref-content-chunk-0004-2026-07-07.tsv
akml2013/agent-harness-java	main	1	0	0	ok	chunk-0011	1	210	210	f22d615b3465d92854b572c5b2d895d8db498bfe534dfba5a4487c5473e78199	docs/governance/helix-agent-harness-topic-all-ref-content-chunk-0011-2026-07-07.tsv
EpisodeYu/HarnessSmith	main	1	2	0	ok	chunk-0005	3	349	187	6aa8ff7de2b9cd2c3d7e52997d4808588051ae2d09fd7fa1c1222e357e11c217	docs/governance/helix-agent-harness-topic-all-ref-content-chunk-0005-2026-07-07.tsv
beydemirfurkan/opencode-gladio	main	3	1	1	ok	chunk-0004	5	774	296	4e0431dc8cd9d232cabc3000ccc39862b213f3d7ec68e92707574f464462b760	docs/governance/helix-agent-harness-topic-all-ref-content-chunk-0004-2026-07-07.tsv
peter-olom/manor	main	23	0	27	ok	chunk-0006	50	11548	990	dfc1586a4e10e6d3bbcdb472498338311aa95edee42580ea972cbea36ad069a9	docs/governance/helix-agent-harness-topic-all-ref-content-chunk-0006-2026-07-07.tsv
senweaver/SenHarness	main	1	1	0	ok	chunk-0006	2	2587	1306	3e715576dd4b6546b4c55f86de1f5c8473edceb574415370edebc5435c66ab11	docs/governance/helix-agent-harness-topic-all-ref-content-chunk-0006-2026-07-07.tsv
Arthurescc/harness-creator	main	2	0	2	ok	chunk-0001	4	40	13	a000465ea47a66f6a9d39028b92f99903e6267da023ae549c653bb44200490f9	docs/governance/helix-agent-harness-topic-all-ref-content-chunk-0001-2026-07-07.tsv
yoshpy-dev/ralph	main	2	30	86	ok	chunk-0008	118	51736	1434	4ee6a4f28beb246b7824a6e9b71cbe3472c9e8504d86e50d75a772af0a189ba1	docs/governance/helix-agent-harness-topic-all-ref-content-chunk-0008-2026-07-07.tsv
infoechoes/AutoBCI-Harness	main	3	0	14	ok	chunk-0012	17	1956	168	6a62d139622a74df735c5247b52727c5ff3bc00c157ae5f5c385a188b0ee5cfc	docs/governance/helix-agent-harness-topic-all-ref-content-chunk-0012-2026-07-07.tsv
cobusgreyling/grok-build-arsenal	main	1	1	0	ok	chunk-0003	2	139	59	dd3183f84f3996410e06b3a1a1747675d1cc16a604f3b72234cf612fcc70de23	docs/governance/helix-agent-harness-topic-all-ref-content-chunk-0003-2026-07-07.tsv
410979729/proofrail-openclaw	main	1	6	0	ok	chunk-0003	7	305	114	c6b945653946aefbb6db7c42a4336505f513cfa53d92b919611b0dadd008ea1e	docs/governance/helix-agent-harness-topic-all-ref-content-chunk-0003-2026-07-07.tsv
framein-dev/framein	main	1	0	0	ok	chunk-0005	1	161	161	643fa641799f1269c3c941d26f1e20826d292e4c46626ec20152a6473d259240	docs/governance/helix-agent-harness-topic-all-ref-content-chunk-0005-2026-07-07.tsv
xiaonancs/codex-source-analysis	main	1	0	0	ok	chunk-0004	1	37	37	5643c7b391db82b271164ac76403b168a2d9e5fe4eb0302d70077095cc3a1fbf	docs/governance/helix-agent-harness-topic-all-ref-content-chunk-0004-2026-07-07.tsv
memtomem/memtomem-stm	main	7	33	483	ok	chunk-0007	523	108612	2086	a9d18a2435385df0d2354c1c4546538886fae7a2b244ed06d70021b94a708d47	docs/governance/helix-agent-harness-topic-all-ref-content-chunk-0007-2026-07-07.tsv
Jonhvmp/leopold	main	3	20	37	ok	chunk-0005	59	7599	553	4fdb879edbab4b7295527af9513822e984c6a53476fd5e4a8bafbb1f091a10af	docs/governance/helix-agent-harness-topic-all-ref-content-chunk-0005-2026-07-07.tsv
EthanSK/agent-bridge	main	5	4	4	ok	chunk-0005	13	1234	313	0cc30b2bf1a02e1b626ab0d99659d76367fbf339d714a7af9bd2cfa72c704251	docs/governance/helix-agent-harness-topic-all-ref-content-chunk-0005-2026-07-07.tsv
sky54laozhu/building-an-agent-harness	master	1	2	0	ok	chunk-0004	3	251	154	eff702ad8d2464b5fe445e487f4ad703e1f5116335c8b0e0e55459e6894b5f3e	docs/governance/helix-agent-harness-topic-all-ref-content-chunk-0004-2026-07-07.tsv
BeamusWayne/HarnessTemplates	main	3	3	7	ok	chunk-0003	13	679	101	e0f340ce2ef50574cd45ec82494464d5df56108a8b1278b75ea358db864901b7	docs/governance/helix-agent-harness-topic-all-ref-content-chunk-0003-2026-07-07.tsv
mupozg823/codelens-mcp-plugin	main	302	107	290	ok	chunk-0019	699	507970	5540	e6f6f142f1fe71b2b1a86505b6226952c5112849ba88118fcf14855e1e3c63d5	docs/governance/helix-agent-harness-topic-all-ref-content-chunk-0019-2026-07-07.tsv
droidnoob/hew	main	49	17	54	ok	chunk-0005	120	29590	979	7a1b41b6ed85abe25746327671b03e656e4e313a86053d93fbb45c4a34ca208e	docs/governance/helix-agent-harness-topic-all-ref-content-chunk-0005-2026-07-07.tsv
XXY-CH/Aetherion	main	3	1	2	ok	chunk-0006	6	2076	513	b6e0a718aa2d6e17b4e064a3306b3342533a2b68849fb8e6e83c1e5888e380b3	docs/governance/helix-agent-harness-topic-all-ref-content-chunk-0006-2026-07-07.tsv
VibeCodingNights/agent-harnesses	main	1	0	0	ok	chunk-0002	1	26	26	e4ae41e6ec66e0bec3472d96f1c5c33b5b42a493b5ff49d54d71d8807fec0dc4	docs/governance/helix-agent-harness-topic-all-ref-content-chunk-0002-2026-07-07.tsv
isagawa-co/isagawa-kernel	main	2	2	3	ok	chunk-0004	7	359	91	02b446d7a9e769fddd4243238e7c206d66d39d50ec1dd734c80ed42fe6dbb371	docs/governance/helix-agent-harness-topic-all-ref-content-chunk-0004-2026-07-07.tsv
bettyguo/harness-engineer-roadmap	main	1	0	0	ok	chunk-0005	1	115	115	40a5113637bed8e826332f56c0425d5fd3ad0291c00359079d018c5a8a151e3c	docs/governance/helix-agent-harness-topic-all-ref-content-chunk-0005-2026-07-07.tsv
mirasoth/soothe	main	6	91	4	ok	chunk-0015	101	121414	12920	11e4662a67d83d4c508431c94edfd815c184d74195b1dffc8991ee717c99e8b3	docs/governance/helix-agent-harness-topic-all-ref-content-chunk-0015-2026-07-07.tsv
lyc-aon/successor-agent	master	1	18	0	ok	chunk-0005	19	4573	669	d4049142657db8b03c2ad44989c84b775f88dc37b100131b55936f3cf69a1a98	docs/governance/helix-agent-harness-topic-all-ref-content-chunk-0005-2026-07-07.tsv
harshalmore31/phoenix-os	main	5	26	0	ok	chunk-0005	31	5034	667	3ecb5e7e803b325b7d29221a49350d96db6e55ee95cb5fa7e187a42931e02aea	docs/governance/helix-agent-harness-topic-all-ref-content-chunk-0005-2026-07-07.tsv
neurocis/a0_superordinates	main	3	27	0	ok	chunk-0004	30	1551	184	15dc5b13189f7b3d44e6c101081ac7734d66480f26597c4f026d5bfe623c959d	docs/governance/helix-agent-harness-topic-all-ref-content-chunk-0004-2026-07-07.tsv
Milind220/agent-sdk-rs	main	2	4	8	ok	chunk-0004	14	307	97	37f4c318f2091fdd630c13c2e7aa49a5ec8ce2244a9747e752009d0bcade9dba	docs/governance/helix-agent-harness-topic-all-ref-content-chunk-0004-2026-07-07.tsv
yu-iskw/sqlfluff-complexity	main	18	13	51	ok	chunk-0006	82	24816	831	6425bff96bc64d315f874323159a73be749275da738f1184fcc35fc7182d1533	docs/governance/helix-agent-harness-topic-all-ref-content-chunk-0006-2026-07-07.tsv
Parker617/whalefall	main	1	0	0	ok	chunk-0003	1	91	91	8e724df705b57dc3856da8d5e1d172b11729841c5f258ec6ef10c1056339d710	docs/governance/helix-agent-harness-topic-all-ref-content-chunk-0003-2026-07-07.tsv
ar27111994/agent-harness	main	9	14	67	ok	chunk-0005	90	20651	1384	97b0bda49337dc08c2bea305f9f2a103f26615417b627ea0641bf41fb3378102	docs/governance/helix-agent-harness-topic-all-ref-content-chunk-0005-2026-07-07.tsv
verkyyi/tokenman	main	85	6	96	ok	chunk-0006	187	14790	1270	ef2b9b80649d8183343549bdb5b1cee1104c0bd63160a4b261c415cfc82cf1d4	docs/governance/helix-agent-harness-topic-all-ref-content-chunk-0006-2026-07-07.tsv
CaesiumY/harness-optimizer	main	1	0	0	ok	chunk-0002	1	11	11	b5baa929320c471229c1359e151b6f9c3a6003c7d04b89e9b4a7828cbbc5e546	docs/governance/helix-agent-harness-topic-all-ref-content-chunk-0002-2026-07-07.tsv
gzhzk/nanodeer	main	1	0	0	ok	chunk-0004	1	189	188	a3b882d68a2cc378424293ec67e5ef61468e72d8d7eb41cfa6b73121054afb93	docs/governance/helix-agent-harness-topic-all-ref-content-chunk-0004-2026-07-07.tsv
edwardZhang/sps-cli	main	1	0	0	ok	chunk-0005	1	443	428	80dd582b699baed4724f86519b730fa72655df240622dd559fb6e740c64b0c78	docs/governance/helix-agent-harness-topic-all-ref-content-chunk-0005-2026-07-07.tsv
GeorgeWingg/Neural-Computer	main	2	3	0	ok	chunk-0005	5	629	219	6e209d3fdecf22bb73c04005d15e89392323e2f2afbc0f473fd9a7e0aa937fca	docs/governance/helix-agent-harness-topic-all-ref-content-chunk-0005-2026-07-07.tsv
jeanlag1/vibeharness	main	1	0	0	ok	chunk-0002	1	40	40	3f305c2de381b64a72a0ae2e274573e7e74c4aa5d26701c6e33fc1dc761a36b7	docs/governance/helix-agent-harness-topic-all-ref-content-chunk-0002-2026-07-07.tsv
mindtheproduct/vennie	main	1	0	4	ok	chunk-0004	5	1019	203	ef41181c78a39b783aa51796f7bffa2ae363d9bdbadf438dff1d3424bfb372f2	docs/governance/helix-agent-harness-topic-all-ref-content-chunk-0004-2026-07-07.tsv
hoiung/sst3-ai-harness	main	2	3	7	ok	chunk-0005	12	2338	445	53d6b324a0e639f690410171963436de5e6f6831af11db353da18c5a38f7d610	docs/governance/helix-agent-harness-topic-all-ref-content-chunk-0005-2026-07-07.tsv
wujfeng712-ui/claude-code-harness-notes	main	1	0	0	ok	chunk-0003	1	86	86	1f02be5e1190cab4e27777e2f6cc514f8b9aac314f2ba5f5a3a67ace9085c89e	docs/governance/helix-agent-harness-topic-all-ref-content-chunk-0003-2026-07-07.tsv
yenanjing/awesome-harness-engineering	main	1	0	0	ok	chunk-0003	1	5	5	7c7f6bd593e6ec6efb588c0c768fa2dba10ee7335cbc47635b7a7ad9d4573f5c	docs/governance/helix-agent-harness-topic-all-ref-content-chunk-0003-2026-07-07.tsv
PatterAI/skills	main	4	0	3	ok	chunk-0003	7	103	26	9749a182ed5e950d3ac117634f9ca43e64ea14866f8de59acf13457a550c274b	docs/governance/helix-agent-harness-topic-all-ref-content-chunk-0003-2026-07-07.tsv
zester4/eltes	main	3	0	6	ok	chunk-0011	9	6105	1097	2476918a857b3278ceddd2cb8854306e956e71cb305808ed55719915b7eb8e60	docs/governance/helix-agent-harness-topic-all-ref-content-chunk-0011-2026-07-07.tsv
ferterahadi/canary-lab	main	6	6	33	ok	chunk-0020	45	19589	2352	5a8cf00f731b16de46f72168d5c07196a32b1a1285ee467e111594b81d39a8cc	docs/governance/helix-agent-harness-topic-all-ref-content-chunk-0020-2026-07-07.tsv
onblueroses/strata	main	1	0	0	ok	chunk-0005	1	275	275	5245c67052deb7cca4c9b7a1811d50c9c0e717c89f283df5ca4fee7443a75b52	docs/governance/helix-agent-harness-topic-all-ref-content-chunk-0005-2026-07-07.tsv
Muulor/AgentVis	main	1	2	0	ok	chunk-0019	3	3526	1128	a7e22fe9c108ecd0d8ef193bd3e39eae66d2423d6a2a41e421a1c3c8ece2ceba	docs/governance/helix-agent-harness-topic-all-ref-content-chunk-0019-2026-07-07.tsv
dineshdb/pie	main	1	3	0	ok	chunk-0004	4	333	269	e3d466b8d77db5eb1cc9495a8bc27d4ced7d3c7c0b79489fbd982498b06bc9d2	docs/governance/helix-agent-harness-topic-all-ref-content-chunk-0004-2026-07-07.tsv
zyziyun/claude-code-mini	main	2	0	0	ok	chunk-0002	2	92	51	ae2bae0e567cdd241e382eb0800909ad7fb5f2479899dca6890d91ebd35f150d	docs/governance/helix-agent-harness-topic-all-ref-content-chunk-0002-2026-07-07.tsv
aitrace-dev/granclaw	main	9	109	8	ok	chunk-0014	126	28024	1020	8851450d2fbf58bb4484cf65fce7ed6a98cb92e0268926503786a87e43eddb49	docs/governance/helix-agent-harness-topic-all-ref-content-chunk-0014-2026-07-07.tsv
raeseoklee/codexus	main	1	25	1	ok	chunk-0005	27	8676	1236	7f543adc445ccb1c08143732197908851270310e45e630580c2a79d2e5973a95	docs/governance/helix-agent-harness-topic-all-ref-content-chunk-0005-2026-07-07.tsv
ryanjames85/grom	main	1	18	0	ok	chunk-0004	19	1178	264	6c13bb949a2b5cd97cb1084c6e4d433c0455f7f74890b10766fd51e6e8181a11	docs/governance/helix-agent-harness-topic-all-ref-content-chunk-0004-2026-07-07.tsv
BeamusWayne/trace-vault	main	1	2	0	ok	chunk-0003	3	262	94	0d5e06b3d4d5db960ed285617a8718538ff39aa1208229df67073e960fe1ec64	docs/governance/helix-agent-harness-topic-all-ref-content-chunk-0003-2026-07-07.tsv
secondorderai/ouroboros	main	24	15	28	ok	chunk-0017	67	28791	1470	91bcc762431147b04fb9805d3faaa566a9ef61cb3f1454e814da5145a3d401be	docs/governance/helix-agent-harness-topic-all-ref-content-chunk-0017-2026-07-07.tsv
JoaoEquer/Oficina	main	1	0	0	ok	chunk-0002	1	23	23	33b8335146ccb243c5d220d86c1b00b28cf27d41b9e2db577b3e4c32e2de6b04	docs/governance/helix-agent-harness-topic-all-ref-content-chunk-0002-2026-07-07.tsv
ourostack/ouroboros	main	2	2	840	ok	chunk-0014	846	668976	11623	39d9bd819d086f15e7a9299e8191911c3422689156d20e927df9ff92eb9839a5	docs/governance/helix-agent-harness-topic-all-ref-content-chunk-0014-2026-07-07.tsv
NeuroverseOS/Neuroverseos-governance	main	1	15	137	ok	chunk-0005	153	33092	934	5af2fea3eb3fdbff6dffe5c19819aa64b5f65e8f909095ded7e38f47a85c7e3a	docs/governance/helix-agent-harness-topic-all-ref-content-chunk-0005-2026-07-07.tsv
lordaeternus/agent-execution-harness	main	3	12	16	ok	chunk-0003	31	4769	571	0e54672c075b1f90c5619319b3bc73c1cbf6ef57169b1a7ae1dee80cf4a0ca53	docs/governance/helix-agent-harness-topic-all-ref-content-chunk-0003-2026-07-07.tsv
Thakurvaibhav/platform-agent-harness	main	2	0	10	ok	chunk-0003	12	1046	205	7e59ff16ac9791177dba47dbb5d874dd0033fa1b8e7e074621042a9ac2bb9d81	docs/governance/helix-agent-harness-topic-all-ref-content-chunk-0003-2026-07-07.tsv
MendCode/MendCode	main	5	20	176	ok	chunk-0017	201	629137	5634	9f4bfc3cbff098be078abed73002d4ee1d7f0e382e4f00b36f74dac37251c6e1	docs/governance/helix-agent-harness-topic-all-ref-content-chunk-0017-2026-07-07.tsv
samartomar/ai-harness	main	4	12	190	ok	chunk-0017	217	113782	9125	d533cae446b4f035dd129cc124f61329da4f69d1721adac7f4cdf44fd1ecd8a6	docs/governance/helix-agent-harness-topic-all-ref-content-chunk-0017-2026-07-07.tsv
dahrkai/dahrk-node	main	6	2	7	ok	chunk-0003	15	1254	119	e0f89e0d43a9f311670d7c812689179f81214f9b6dd8b69949dc3f97e0c8f3cb	docs/governance/helix-agent-harness-topic-all-ref-content-chunk-0003-2026-07-07.tsv
katipally/friday-code	main	4	17	21	ok	chunk-0015	42	9802	641	ab0842e1f258d9e42d496337ee35e1c2c17713bbbf26b7d4a1d583ce2fcc151c	docs/governance/helix-agent-harness-topic-all-ref-content-chunk-0015-2026-07-07.tsv
FutronPrime/verity-harness	main	2	0	2	ok	chunk-0017	4	987	253	6f716a42d5ff38eda41c759cfd2ccddec8ddc601ed3c6a7adb890262a32c41d7	docs/governance/helix-agent-harness-topic-all-ref-content-chunk-0017-2026-07-07.tsv
PatterAI/patter-mcp	main	6	0	5	ok	chunk-0004	11	389	81	a75b397223316de1f69d1683623526bd9113f52192c13736b0e9b072622064e1	docs/governance/helix-agent-harness-topic-all-ref-content-chunk-0004-2026-07-07.tsv
NFJones/mezzanine	main	1	0	0	ok	chunk-0013	1	453	452	f500184a724bbd9f92180211b6282e751c54b21b13cf9ee377042d70e179b6d0	docs/governance/helix-agent-harness-topic-all-ref-content-chunk-0013-2026-07-07.tsv
binary16labs/prime-silo	main	25	52	29	ok	chunk-0016	106	247728	4156	a43834984b4490f55f986457808cb136a42fca9c3596236f2cbb8fb8d9152f32	docs/governance/helix-agent-harness-topic-all-ref-content-chunk-0016-2026-07-07.tsv
leezythu/agent-harness-compare	main	1	0	0	ok	chunk-0002	1	14	14	09025e276e7683697e99887d6762a6efd8026a6b4630e27c645a3ed419fc6613	docs/governance/helix-agent-harness-topic-all-ref-content-chunk-0002-2026-07-07.tsv
androidZzT/harness-engineering-practice	main	1	0	0	ok	chunk-0004	1	32	32	1692227612c276f4c8172d1e91c5f548b2a03859d332efb037fcf6b1b9a163e4	docs/governance/helix-agent-harness-topic-all-ref-content-chunk-0004-2026-07-07.tsv
spoke-sh/paddles	main	1	0	0	ok	chunk-0014	1	2603	2587	9250e0d42ed61f1c484b4daa54e7ff353f99882cbe627bcab06ad210632784a8	docs/governance/helix-agent-harness-topic-all-ref-content-chunk-0014-2026-07-07.tsv
Picrew/LLM-Harness	main	1	0	0	ok	chunk-0008	1	9	9	b8e04ef7f04d8779b9d3fae64bdb7ba476c4a0cf56bd5ec8c36362bfc75b360c	docs/governance/helix-agent-harness-topic-all-ref-content-chunk-0008-2026-07-07.tsv
shimo4228/agent-attribution-practice	main	1	6	0	ok	chunk-0004	7	398	172	9bd6a17e1885775ea7cdd996452fd387318cc0c53ffe7846adabf44a0919d56e	docs/governance/helix-agent-harness-topic-all-ref-content-chunk-0004-2026-07-07.tsv
MRGRD56/pi-omp-skills-autocomplete	master	1	0	0	ok	chunk-0002	1	7	7	6ed9736543d76ec4467c7f1f2713e37710b3ca869027b5a0aa85cb8812b91c41	docs/governance/helix-agent-harness-topic-all-ref-content-chunk-0002-2026-07-07.tsv
youxufkhan/my-opencode-config	master	8	3	14	ok	chunk-0003	25	997	110	eda4fa4275f4f7ac1f1b81753fe12f916df0ed8f2a4b696386c81474dba3d8cf	docs/governance/helix-agent-harness-topic-all-ref-content-chunk-0003-2026-07-07.tsv
migos1990/ai-eng-team-harness	main	1	0	0	ok	chunk-0002	1	44	44	d476a82203415fb33843e216328767d64169713f02aa82089ae927b5a1a89ba2	docs/governance/helix-agent-harness-topic-all-ref-content-chunk-0002-2026-07-07.tsv
herreravalenz6620/context-compression	main	1	0	2	ok	chunk-0004	3	165	56	7d140e847c94bf75a81074f936b8b5613befaeca97ee0d001b6b3a0ed53e09be	docs/governance/helix-agent-harness-topic-all-ref-content-chunk-0004-2026-07-07.tsv
uzysjung/uzys-agent-harness	main	2	149	191	ok	chunk-0005	342	138866	1833	d4e50bb7379a78b83cc4e7655b34fc492e128ad76ac6cae4bd6538367af60d04	docs/governance/helix-agent-harness-topic-all-ref-content-chunk-0005-2026-07-07.tsv
hssh8917/cc-skills	main	1	0	0	ok	chunk-0004	1	86	86	5ca452f08a3aa35545197ffec0c4a7b132bff7dc6918071cf10b4872bee26fee	docs/governance/helix-agent-harness-topic-all-ref-content-chunk-0004-2026-07-07.tsv
qimen039-code/claim-boundary-harness	main	1	3	0	ok	chunk-0004	4	652	190	0cd0dcc154d4c0b666310dbc05c2f5cb3f2f0630d1df5fb4acfcea139ec62e42	docs/governance/helix-agent-harness-topic-all-ref-content-chunk-0004-2026-07-07.tsv
frankxai/agentic-business-os	main	2	3	2	ok	chunk-0002	7	523	98	42a94677cc68da95e1f86d3ad15d4cf02419f37636a6acea419edf7c4dfae802	docs/governance/helix-agent-harness-topic-all-ref-content-chunk-0002-2026-07-07.tsv
imagent-lab/learn-openai-responses-api	main	1	0	0	ok	chunk-0003	1	162	162	709e556befa7916c88d90e9788a4d8dea690730239c58f6ade0d2882e09cf148	docs/governance/helix-agent-harness-topic-all-ref-content-chunk-0003-2026-07-07.tsv
HaaaappyDay/what-is-harness	main	1	0	0	ok	chunk-0002	1	37	37	27ff38fb9c3f75f9fef861d55c86d0a9bc66bddab7d94e3e6278f797584609ab	docs/governance/helix-agent-harness-topic-all-ref-content-chunk-0002-2026-07-07.tsv
guilingzhouyi-creator/NOMOS	main	1	0	0	ok	chunk-0020	1	15274	14539	4c27300e809462d598aee831ab0ded5e6ced9434a55a1b0ca5a3445ad7fb21c7	docs/governance/helix-agent-harness-topic-all-ref-content-chunk-0020-2026-07-07.tsv
benlongmao/Self-becoming	main	1	4	0	ok	chunk-0006	5	1811	468	073a06923d865025aced8e430bc20903c1d3e0d0d612620723b51b4716d4a8ee	docs/governance/helix-agent-harness-topic-all-ref-content-chunk-0006-2026-07-07.tsv
hjnnjh/agent-learning	main	1	0	0	ok	chunk-0002	1	36	33	aa64dfb5a5fc2ecd4b9ceedadf7971f425eb6d6b82de685fa56c9dd1d8ee2967	docs/governance/helix-agent-harness-topic-all-ref-content-chunk-0002-2026-07-07.tsv
DancingCircles/billing-ops-copilot	main	1	0	0	ok	chunk-0007	1	80	78	91fceda15b42df9671df520a48d9c4b393d6eb7a77f504e661b257f460a4e05a	docs/governance/helix-agent-harness-topic-all-ref-content-chunk-0007-2026-07-07.tsv
LeHungViet/scroll	main	1	0	0	ok	chunk-0002	1	33	33	1118f031f5e76e7bc7f03106bdd88710e56ca9ebb9816cbb0f9e98947748cf3f	docs/governance/helix-agent-harness-topic-all-ref-content-chunk-0002-2026-07-07.tsv
gjkoplik/hiveplotlib-agent-harness	main	1	4	0	ok	chunk-0004	5	174	122	fc130d7f87223ebd164ccdea64041f8a4b0c7a11e167dbe4797d061f853fbb50	docs/governance/helix-agent-harness-topic-all-ref-content-chunk-0004-2026-07-07.tsv
mossagents/moss	main	2	0	1	ok	chunk-0010	3	1540	1359	d2b6b01c5be250efc4299aa52b308a97c8c04457eee622547742f473cb810fdd	docs/governance/helix-agent-harness-topic-all-ref-content-chunk-0010-2026-07-07.tsv
lian-tian-mo-zun/minimal-stable-python-agent	main	1	0	0	ok	chunk-0002	1	18	18	8f292f481279a54ae8f4a3de7e2ed479cd474002579534086f0e76aa1b1861c2	docs/governance/helix-agent-harness-topic-all-ref-content-chunk-0002-2026-07-07.tsv
AtharshKrishnamoorthy/ARIVU	main	1	3	0	ok	chunk-0019	4	1767	597	c017a0f51a295551e7dc862d979c57682ad6da67c44ca71d0be3d07d0fb68e37	docs/governance/helix-agent-harness-topic-all-ref-content-chunk-0019-2026-07-07.tsv
gzb1128/skill-forge	main	23	0	25	ok	chunk-0003	48	2298	193	8c70c1a736ee4ca6931c37859a09aebd1f195bc0417d50bd09be6693e78857d4	docs/governance/helix-agent-harness-topic-all-ref-content-chunk-0003-2026-07-07.tsv
KoreanCode/orange-hyper	main	1	44	11	ok	chunk-0008	56	4731	810	48f7a89948006901b235ef30a80e119476e3dc56b5807a10b37b93c04962c80f	docs/governance/helix-agent-harness-topic-all-ref-content-chunk-0008-2026-07-07.tsv
luislozanogmia/fixingrok	main	1	0	0	ok	chunk-0001	1	10	10	f1f53dfca2c3c89c7ca025e31c06976baa70e81cfc1fda98e09b01049378e0dd	docs/governance/helix-agent-harness-topic-all-ref-content-chunk-0001-2026-07-07.tsv
NullNyx/just-harness	main	1	1	0	ok	chunk-0001	2	82	47	f9131af0d6ac1afcbfdd3108d19b982beb35ea97038a9f3607d0296d60e7bf62	docs/governance/helix-agent-harness-topic-all-ref-content-chunk-0001-2026-07-07.tsv
Catfish-75/claw-task-hub	main	1	1	0	ok	chunk-0004	2	103	85	ae7d032617ed2b64a6748b8e7d6e7c0d150e3e276d6641e33d239275777b438e	docs/governance/helix-agent-harness-topic-all-ref-content-chunk-0004-2026-07-07.tsv
jimmc414/opal-harness	main	1	0	0	ok	chunk-0003	1	612	519	e03b355cb267a87ca1b9b74da4a233b6b808fa6ac77d074fbfc24092aeae0417	docs/governance/helix-agent-harness-topic-all-ref-content-chunk-0003-2026-07-07.tsv
hiloopai/hiloop-interceptor	main	8	1	55	ok	chunk-0004	64	4107	316	4636adc56c2a60df10bbf4838ced828044850c47a8c70d642af00d9f70971f04	docs/governance/helix-agent-harness-topic-all-ref-content-chunk-0004-2026-07-07.tsv
AnayDhawan/oss-launch	main	1	1	1	ok	chunk-0007	3	191	86	50d57b58204aad08b9cc73c26b28d247e1ea5b15aad5a0cee8d8a586bd9cc148	docs/governance/helix-agent-harness-topic-all-ref-content-chunk-0007-2026-07-07.tsv
uppifyagency/loop-kernel	main	1	0	0	ok	chunk-0002	1	44	40	ac6105081619a26f891f0f4dbde6c52f4374cbfbfc411c901ad1043dd3d9d0f4	docs/governance/helix-agent-harness-topic-all-ref-content-chunk-0002-2026-07-07.tsv
elizabethfuentes12/resilient-agent-harness-sample-for-aws	main	1	0	0	ok	chunk-0006	1	42	37	9f6ecdcba0320ac403fda3d55b23f88a7b32aa70beb9167d86159da6b2116b13	docs/governance/helix-agent-harness-topic-all-ref-content-chunk-0006-2026-07-07.tsv
BeamusWayne/Alfred	main	2	11	0	ok	chunk-0005	13	2979	590	37e5934c281fa167a8a24cc422d54b652f3ce93ed2f50262ce7d2f3333373d1c	docs/governance/helix-agent-harness-topic-all-ref-content-chunk-0005-2026-07-07.tsv
acoyfellow/terrarium	main	5	0	8	ok	chunk-0016	13	901	397	1e43801ce86ed218ae9e8803165e594ca030299f6813aae1909e03472ea7845b	docs/governance/helix-agent-harness-topic-all-ref-content-chunk-0016-2026-07-07.tsv
shiftbloom-studio/myosotis	main	1	0	1	ok	chunk-0005	2	212	107	fe6d2b08ffd54844df8722ecdfaa6b0939a508c245d1e3a2c53a6f1ae1b65713	docs/governance/helix-agent-harness-topic-all-ref-content-chunk-0005-2026-07-07.tsv
terva-sh/terva	release	6	33	0	ok	chunk-0012	39	24625	2196	c45afd98cf1cb8dfaed7cc429474fbafac21d02018529e123a11ff37f282fcf5	docs/governance/helix-agent-harness-topic-all-ref-content-chunk-0012-2026-07-07.tsv
xLabel/AutoPatch-J	master	1	0	0	ok	chunk-0004	1	201	201	da0abbc1022fd4a92b7121a09217364ac81979e7827824ca07688d484dcbb201	docs/governance/helix-agent-harness-topic-all-ref-content-chunk-0004-2026-07-07.tsv
the-sid-dani/second-brain-os	main	1	27	4	ok	chunk-0005	32	9514	700	a999264d09c88f4440daad239db397894ce2a9f37782021e9bf8c7c961457342	docs/governance/helix-agent-harness-topic-all-ref-content-chunk-0005-2026-07-07.tsv
jd-solanki/krutrimbox	main	5	6	4	ok	chunk-0004	15	1834	443	36d440d855623033b50c8798d15a301d3ee04449eae457490be61fe29a8dbc33	docs/governance/helix-agent-harness-topic-all-ref-content-chunk-0004-2026-07-07.tsv
zkhorozianbc/reps	main	6	1	3	ok	chunk-0009	10	9871	1003	8dc4249895b61465f90af3f47ca68a1752a378f4cb19498e3cffd675625e61c4	docs/governance/helix-agent-harness-topic-all-ref-content-chunk-0009-2026-07-07.tsv
wang2-lat/micro-harness	main	1	0	0	ok	chunk-0003	1	41	38	c4d55dfd0264c5bbc6c7156a34550037efb669b2758b0eb2f01410ef0f9e72cf	docs/governance/helix-agent-harness-topic-all-ref-content-chunk-0003-2026-07-07.tsv
RasputinKaiser/Self-Improvement-Plugin	main	1	0	2	ok	chunk-0004	3	723	289	8e5afd9b383df210d545ac2ee399141bc5e7a4c11102870c2c3a3aa4c75e5706	docs/governance/helix-agent-harness-topic-all-ref-content-chunk-0004-2026-07-07.tsv
samiralibabic/open-ended-agent	main	1	1	0	ok	chunk-0003	2	57	55	c622c2f50dae3b6a4fb40b19925239ac2dc57171bfc5cf71c391b1927cee212a	docs/governance/helix-agent-harness-topic-all-ref-content-chunk-0003-2026-07-07.tsv
baksohyeon/mogui-agent-harness	main	1	0	3	ok	chunk-0003	4	390	101	d41e85d1f1d5d8be7f65a0dffb40a696d227839f16a1765f311e931b772fddb3	docs/governance/helix-agent-harness-topic-all-ref-content-chunk-0003-2026-07-07.tsv
anthony-maio/agent-harness-90m	main	1	0	0	ok	chunk-0001	1	28	25	e44c19dce27cd102b7ec2aab15d750777be58f91edbefc0666f3aa0d2d59fe0e	docs/governance/helix-agent-harness-topic-all-ref-content-chunk-0001-2026-07-07.tsv
mantaray0/crew	main	1	27	38	ok	chunk-0003	66	4443	463	b77e095431b37231169eda7b6e66b2e878660a24233cab328cd0566aa3aaece3	docs/governance/helix-agent-harness-topic-all-ref-content-chunk-0003-2026-07-07.tsv
Othunderlight/tammam-agent	main	2	2	3	ok	chunk-0003	7	546	144	515ba474817fc4bccdf26706fb8001bcd98638af53526b7b8d7cabf8e7e4a8d4	docs/governance/helix-agent-harness-topic-all-ref-content-chunk-0003-2026-07-07.tsv
cpplain/lorah	main	1	7	20	ok	chunk-0003	28	1005	220	c1840afdf9519b6b834a04bd08a0aaaa4c5e59b03b40141f8340df96834fe331	docs/governance/helix-agent-harness-topic-all-ref-content-chunk-0003-2026-07-07.tsv
janani-h-kumar/em-ai-labs	master	3	0	15	ok	chunk-0004	18	1308	349	08d8f8890c9ed126a0e1886febc785c18961b7cc449352ec7a2b4b86333c81c0	docs/governance/helix-agent-harness-topic-all-ref-content-chunk-0004-2026-07-07.tsv
maxkskhor/pokemon-harness	pokemon-harness	1	0	0	ok	chunk-0005	1	109	106	5b5278601fd415bd5aba14cfe3aefa39c64804017378cb9a705e57e77fd79990	docs/governance/helix-agent-harness-topic-all-ref-content-chunk-0005-2026-07-07.tsv
bhanuvikas/minion-cli	main	6	5	7	ok	chunk-0004	18	3042	355	32d7f645d1c18eae532de7c2c55967e9ff039cbfe55aa9a5350a159eb3ee50b8	docs/governance/helix-agent-harness-topic-all-ref-content-chunk-0004-2026-07-07.tsv
kedarvartak/rote	main	16	0	15	ok	chunk-0004	31	4254	262	d3e6f48cc1fdc9e462b6894dec583dbdeaec5e62676b1d53c34d46763a61c374	docs/governance/helix-agent-harness-topic-all-ref-content-chunk-0004-2026-07-07.tsv
pko89403/A-RAG	main	1	0	0	ok	chunk-0006	1	32	31	2a94cb47dfc99a87939fe90d9b8c9c969d5b800f311e4e36654d926ed43aa829	docs/governance/helix-agent-harness-topic-all-ref-content-chunk-0006-2026-07-07.tsv
contextosai/skills	main	2	0	6	ok	chunk-0002	8	194	37	848eaeeee0c966b1e5ebe34a34a07d6aab5df8fcdd02c4a9bf0aa95c3b6de10b	docs/governance/helix-agent-harness-topic-all-ref-content-chunk-0002-2026-07-07.tsv
samuelnp/centinela	main	34	108	77	ok	chunk-0011	219	480953	4500	76c44077b53991b7f13fe8adf6ef844ee1cb9f4fecd9f10112297d5d2f5f5ccc	docs/governance/helix-agent-harness-topic-all-ref-content-chunk-0011-2026-07-07.tsv
gloweaseco-leo/gloweaseco-leo	main	1	0	0	ok	chunk-0001	1	1	1	5141c365e3995b730bcac25a425cd783d9eac7e8f9e6df92ca826379b6e130cd	docs/governance/helix-agent-harness-topic-all-ref-content-chunk-0001-2026-07-07.tsv
playbasis/agent-os	main	1	0	1	ok	chunk-0003	2	180	104	90ccd6fb10db62b2912bb19a0c0d36b16bf15b104337c14ae106fffe79b96da9	docs/governance/helix-agent-harness-topic-all-ref-content-chunk-0003-2026-07-07.tsv
dotoricode/tink-harness	main	2	50	71	ok	chunk-0015	123	27648	969	5f2eaae742fc40c17a75c3c7fb2c138e5cc54140a88962c3d60bfe26012730a1	docs/governance/helix-agent-harness-topic-all-ref-content-chunk-0015-2026-07-07.tsv
0kim0bos/yam	main	1	1	0	ok	chunk-0003	2	126	104	cfada6c8b366d902b173bcfb21864f6ca9dabcd928d57d51057829d34c0ee81f	docs/governance/helix-agent-harness-topic-all-ref-content-chunk-0003-2026-07-07.tsv
kentunderage549/cc-harness-skills	main	1	0	2	ok	chunk-0004	3	139	51	941efab752315de795faaf6c81cd306c2d6d8f018a9edd2aebd3310152463cd7	docs/governance/helix-agent-harness-topic-all-ref-content-chunk-0004-2026-07-07.tsv
nanawanzii/deli-autoresearch-skill-protocol	main	1	1	0	ok	chunk-0001	2	20	16	0c6f034b6ce58b813419a817a1677aa588db1b58732f74b9ee46d95ce070a641	docs/governance/helix-agent-harness-topic-all-ref-content-chunk-0001-2026-07-07.tsv
Zwc-11/Murmur-ai-harness	main	4	2	15	ok	chunk-0008	21	3617	637	103306f914548a11e274fd460d75d8e4c7ececd33ab70282c0e1e4f8708eb25d	docs/governance/helix-agent-harness-topic-all-ref-content-chunk-0008-2026-07-07.tsv
alexsds/ade-workflow	main	1	0	0	ok	chunk-0002	1	32	32	27b4d91d237f92401ea898dac8d10c7f839902581b91879fd452ccc522249a5c	docs/governance/helix-agent-harness-topic-all-ref-content-chunk-0002-2026-07-07.tsv
nevenincs/vaultspec-core	main	3	36	117	ok	chunk-0012	156	142618	4941	2d6c75f572aa92b78cf4d2523cd02c795bfda2b7f23d2a02ccb3a3eb679fd345	docs/governance/helix-agent-harness-topic-all-ref-content-chunk-0012-2026-07-07.tsv
agi-friendly/domain-navigation-layer	main	2	0	1	ok	chunk-0003	3	353	169	abb8814bc152d1b869de8d07c360cadcbbb71c85d3f922046094231dba62ffb4	docs/governance/helix-agent-harness-topic-all-ref-content-chunk-0003-2026-07-07.tsv
rjunee/neutron	main	104	0	240	ok	chunk-0012	344	706747	4328	48afff691c3e433bc2a4eaa520f1e8e527e093ada299040a2e062157e96a3a91	docs/governance/helix-agent-harness-topic-all-ref-content-chunk-0012-2026-07-07.tsv
lastmindforever36/agent-grounded-infrastructure	main	1	0	0	ok	chunk-0002	1	49	49	83433fad7a90d9017baada04ffe64fc594120cb83272cfab988dd41e60077f9e	docs/governance/helix-agent-harness-topic-all-ref-content-chunk-0002-2026-07-07.tsv
yuecao365/agent-codebase-analysis-skill	main	1	0	0	ok	chunk-0002	1	14	14	171b70ad0690e4e2a91929e24556068b60c80779c02d1b5b8cb1c96f2ec4a5d4	docs/governance/helix-agent-harness-topic-all-ref-content-chunk-0002-2026-07-07.tsv
RhythrosaLabs/claw-code-ui	main	1	0	0	ok	chunk-0006	1	189	189	722462a5df57233b9852085fc168eb4d5174741fe553b8dbe26af1389768d8b8	docs/governance/helix-agent-harness-topic-all-ref-content-chunk-0006-2026-07-07.tsv
emavague180/claw-code-parity	main	1	0	0	ok	chunk-0008	1	248	230	6ada0240da08ddd727c2c1078f9e06f1ad7f7860b4a2bebcd16c4315c67ff70f	docs/governance/helix-agent-harness-topic-all-ref-content-chunk-0008-2026-07-07.tsv
MarcusViniciusBarcelos/spec-agent	main	1	0	0	ok	chunk-0003	1	86	81	22e042abe6a35a40c5a6f4a913a6cd44b19e1f84e85c20d75ac2b9059f2ea475	docs/governance/helix-agent-harness-topic-all-ref-content-chunk-0003-2026-07-07.tsv
veithly/build-your-own-agent	main	1	0	0	ok	chunk-0002	1	47	47	6171444d0694bcbfa6fbfe7c34dac6cee7ef803bef7dcaadaf4bb566008b68a6	docs/governance/helix-agent-harness-topic-all-ref-content-chunk-0002-2026-07-07.tsv
graphrefly/graphrefly-ts	main	1	59	13	ok	chunk-0012	73	66706	6096	fa03867744017d4f625c9268706c194464ca62f28347c28f635e38e7bfd85d2b	docs/governance/helix-agent-harness-topic-all-ref-content-chunk-0012-2026-07-07.tsv
brandoncarneiro/harness-lab	main	1	0	3	ok	chunk-0002	4	207	59	815da7de69a63184be715334d1eda7ff721413203b2ff75a0b9b213c2a4b18bb	docs/governance/helix-agent-harness-topic-all-ref-content-chunk-0002-2026-07-07.tsv
pavel-voronin/tgdyk	main	1	5	0	ok	chunk-0004	6	69	23	2d390c09de2b25a09b7ce81cf5c4b0dd30c3ddcd073d3d0bc06d41a76852ec78	docs/governance/helix-agent-harness-topic-all-ref-content-chunk-0004-2026-07-07.tsv
saorsa-labs/fluers	main	1	9	7	ok	chunk-0004	17	1428	177	e548c6995908f984dfabeef524368412edfc2a323ca047eaecb63a703267363b	docs/governance/helix-agent-harness-topic-all-ref-content-chunk-0004-2026-07-07.tsv
lk19940215/claude-coder	main	1	0	1	ok	chunk-0013	2	2448	2411	b28b8427aa394ec367a192b5a7b726341760cbaa5db48bf3f39de1826f062bac	docs/governance/helix-agent-harness-topic-all-ref-content-chunk-0013-2026-07-07.tsv
qwerfunch/harness-boot	main	10	105	82	ok	chunk-0009	197	60390	2385	6447f7a757adc7f50a081fb0f22afaeb741de4ffdd9ada49a261b4dea20f8f73	docs/governance/helix-agent-harness-topic-all-ref-content-chunk-0009-2026-07-07.tsv
MonyetBatu/practice-theory-implementation	main	1	2	0	ok	chunk-0005	3	481	427	afa82351a546ebb05f5f6dcdb758cfd264c560f35983e092b2dc13db83bc280e	docs/governance/helix-agent-harness-topic-all-ref-content-chunk-0005-2026-07-07.tsv
Abbasi-Alain/atlas	main	17	16	22	ok	chunk-0010	55	5787	263	a0587f5588a1b7af1fea1bae2b35a521a1b15669fc726416c0890590aa0d612d	docs/governance/helix-agent-harness-topic-all-ref-content-chunk-0010-2026-07-07.tsv
hannsxpeter/mythify	main	1	77	13	ok	chunk-0004	91	10035	1090	0d78740970ece1ca4b8f5c1abd4a3da93cd533e7a95c1352a78d0160c3e9a8a9	docs/governance/helix-agent-harness-topic-all-ref-content-chunk-0004-2026-07-07.tsv
IgorGanapolsky/mac-yolo-safeguards	main	6	7	49	ok	chunk-0017	62	33928	1592	3fdb44ad0c7e9045c43d965992d59e164488164fca5fee36dce9d9e54518a6f8	docs/governance/helix-agent-harness-topic-all-ref-content-chunk-0017-2026-07-07.tsv
fastbeast2023-netizen/awesome-harness-engineering	main	1	0	0	ok	chunk-0004	1	5	5	331f4507a8a57eeb9060b16923622fa0377f353733174fa6709b3f5e075d7497	docs/governance/helix-agent-harness-topic-all-ref-content-chunk-0004-2026-07-07.tsv
zhuzhiguang927-spec/investor-harness-oss	main	1	2	0	ok	chunk-0004	3	390	152	79aa75e3379ad0f1672e2a1ab432bafa924f7f95722c08088977070c05d4a87d	docs/governance/helix-agent-harness-topic-all-ref-content-chunk-0004-2026-07-07.tsv
Siddhant-Goswami/Crucible	main	1	0	12	ok	chunk-0004	13	2492	310	4729e54648ca96da4f3a7e24421375d6d2c55b6402fb3746645e0bd33e457306	docs/governance/helix-agent-harness-topic-all-ref-content-chunk-0004-2026-07-07.tsv
Edge-Explorer/Kaggle-SAE	main	1	0	0	ok	chunk-0001	1	6	6	7e992e1a8fc83a85748fe71aa2fadc9de978ec61ce0eed09806ecf2368275d2e	docs/governance/helix-agent-harness-topic-all-ref-content-chunk-0001-2026-07-07.tsv
tabbypyrotechnic519/claw-code-parity	main	1	0	0	ok	chunk-0008	1	239	221	98e979901f4257e37447d8eed465f49ddb0e1c057875d5809d6c96034111fb03	docs/governance/helix-agent-harness-topic-all-ref-content-chunk-0008-2026-07-07.tsv
rapoii/vex	master	1	1	0	ok	chunk-0004	2	437	262	aaa2de7d567ecd181e23c3d885714bb1d582dd4170364b29949c6188ba8a02c9	docs/governance/helix-agent-harness-topic-all-ref-content-chunk-0004-2026-07-07.tsv
desty/isms-p-assist	main	1	0	0	ok	chunk-0004	1	47	47	518f7fbb35c62b58ffc68d19ee965b1993f7e03d009fec2d85d5b75b95f2ef78	docs/governance/helix-agent-harness-topic-all-ref-content-chunk-0004-2026-07-07.tsv
WhiteNoiseK/agent-harness-starter	main	1	0	0	ok	chunk-0003	1	97	97	f03c9fd9e84bb2ef07d87000a385d69fd508df6b2bb8716bc7ffa7d29ebbc1c8	docs/governance/helix-agent-harness-topic-all-ref-content-chunk-0003-2026-07-07.tsv
zjukop/deepseek-harness	main	1	0	0	ok	chunk-0002	1	41	41	d9ac22417e3f01677ff8af801181602847b980005340ca356f937253ef490856	docs/governance/helix-agent-harness-topic-all-ref-content-chunk-0002-2026-07-07.tsv
sriv2804/agentflow	main	1	0	0	ok	chunk-0002	1	41	39	30d1d24ccdc8ad84a1abff2c59be11fa1bb946f065391b5cc64854a3c1a36aa0	docs/governance/helix-agent-harness-topic-all-ref-content-chunk-0002-2026-07-07.tsv
tahasiddiquii/ai-harness	main	1	0	0	ok	chunk-0002	1	48	48	c3bc5b42778d35f605ea76275aa061c3699e5e30fa5ab1dba0235d1316278dd3	docs/governance/helix-agent-harness-topic-all-ref-content-chunk-0002-2026-07-07.tsv
frankxai/agentic-ops-hub	main	6	0	8	ok	chunk-0013	14	688	94	e8a5c6070d04a5f0a8f22e7c464bd0f47588208b12eed513ae3839413723730f	docs/governance/helix-agent-harness-topic-all-ref-content-chunk-0013-2026-07-07.tsv
Luis247911/universal-ai-workspace-foundation	main	1	2	0	ok	chunk-0003	3	538	228	3437b4acce9271d49d284e2d547955e5c284e5fdca60d560a54b17465180f5f7	docs/governance/helix-agent-harness-topic-all-ref-content-chunk-0003-2026-07-07.tsv
aelaguiz/rally	main	21	5	56	ok	chunk-0006	82	17199	833	4d3f9246511b195c531375b069b84c55213b5b31feaeb93e858ee24f9f377624	docs/governance/helix-agent-harness-topic-all-ref-content-chunk-0006-2026-07-07.tsv
svenbecht/00Z	main	1	0	0	ok	chunk-0004	1	153	153	3a671878ea3dd85aa1b2a285c4510435ab18307fef39e51f56dc3cf20fe243aa	docs/governance/helix-agent-harness-topic-all-ref-content-chunk-0004-2026-07-07.tsv
minzique/pi-team	main	2	0	5	ok	chunk-0002	7	227	50	d393e0dc2d98a82047d1e98c19086d241164c19f8ec78b350b2143d24c494261	docs/governance/helix-agent-harness-topic-all-ref-content-chunk-0002-2026-07-07.tsv
SyntagmaNull/ai-agent-reliability-harness	main	1	0	0	ok	chunk-0003	1	72	72	65e96dedf48367354177371ab1eaadda8807defb4fbfc85e871d35e61585dab0	docs/governance/helix-agent-harness-topic-all-ref-content-chunk-0003-2026-07-07.tsv
IshiharaHaruki/awesome-loop-engineering	main	1	0	0	ok	chunk-0001	1	3	3	a1cd79be2c3310211fa720d6afe55d165fa5872d7336916681077db1b7af9f94	docs/governance/helix-agent-harness-topic-all-ref-content-chunk-0001-2026-07-07.tsv
roverdude24/agentic-visual-grounding-rubric	main	1	0	0	ok	chunk-0002	1	25	25	d52fc7b52ca7977f0d278c7ef84bc9cdf86be627545715cf22fd20be4a13ca5c	docs/governance/helix-agent-harness-topic-all-ref-content-chunk-0002-2026-07-07.tsv
noopolis/daimon	main	1	2	0	ok	chunk-0003	3	115	58	a684169c86f63a043af82919f1094b065e16affb7dae0c01176715ca1244f8b3	docs/governance/helix-agent-harness-topic-all-ref-content-chunk-0003-2026-07-07.tsv
selfradiance/rollback-receipt	main	1	1	0	ok	chunk-0002	2	46	23	ff5f6a541d1e4601c7287773e19e25b6a8f203ca1e64050846b165d7a1457ef4	docs/governance/helix-agent-harness-topic-all-ref-content-chunk-0002-2026-07-07.tsv
TristanBietsch/rex	master	3	0	4	ok	chunk-0004	7	1282	428	15118c8f8951f79adff870bf63df2a403d4bffd9af8f28c8bed809379acdb4d3	docs/governance/helix-agent-harness-topic-all-ref-content-chunk-0004-2026-07-07.tsv
CarlSR9001/whetstone	master	1	0	0	ok	chunk-0003	1	121	121	a42fc85f2fc6df26ecdd4d123e41500532d2a2044cd0f77fa4708c9230ec8a1b	docs/governance/helix-agent-harness-topic-all-ref-content-chunk-0003-2026-07-07.tsv
selfradiance/work-session-ledger	main	1	1	0	ok	chunk-0002	2	52	26	4c22f8c64b8be72fe28e6158a8a150af60152c5f554f8371aa4c285683955a32	docs/governance/helix-agent-harness-topic-all-ref-content-chunk-0002-2026-07-07.tsv
hhamja/loop-engineering-architecture	main	2	0	2	ok	chunk-0004	4	359	94	3ef27c7ea17d5cade4959c1e05bba40d48d08aa3ccbf847a487d063d5d7e5ee8	docs/governance/helix-agent-harness-topic-all-ref-content-chunk-0004-2026-07-07.tsv
sun9huni/claude-codex-coordination	main	1	9	3	ok	chunk-0003	13	1007	187	67cc843a38d844d374595c2b3849fb67ea7932d315521804db3c906ecf2f1193	docs/governance/helix-agent-harness-topic-all-ref-content-chunk-0003-2026-07-07.tsv
Botfather90/digiton-agent-fleet	main	1	0	0	ok	chunk-0001	1	22	22	c676b2ee6f3d8ce3166250322f9059e6ea59d0f8bdd731c646e88bbd7fe27e79	docs/governance/helix-agent-harness-topic-all-ref-content-chunk-0001-2026-07-07.tsv
Chris-Rebentisch/dualpass	main	1	12	0	ok	chunk-0003	13	972	235	d562abc64068902a0e694846cd0689683725d7789532e3b855a8d98ad66c3608	docs/governance/helix-agent-harness-topic-all-ref-content-chunk-0003-2026-07-07.tsv
kulapoo/opencode-agent-harness	main	1	0	0	ok	chunk-0003	1	165	165	5c2f163c94519c5137b8f85bc8cf2dcba20afb30e8f1d94178999ead638a9cea	docs/governance/helix-agent-harness-topic-all-ref-content-chunk-0003-2026-07-07.tsv
HellenAngeli/claw-forge	main	1	0	0	ok	chunk-0004	1	4	4	9502b7eec943a262bc41ffbf2b3471693b9b16ce364939587754b6b2086d0d36	docs/governance/helix-agent-harness-topic-all-ref-content-chunk-0004-2026-07-07.tsv
gongke-cxt/claw-code-main	main	1	0	0	ok	chunk-0006	1	220	220	06b0ca393ccfdff60c0157221e55963ebdfef76fa7f10f022b2c3bfac7bc1c07	docs/governance/helix-agent-harness-topic-all-ref-content-chunk-0006-2026-07-07.tsv
OctavianTocan/openclaw-claude-max-agent-sdk-harness	main	1	8	1	ok	chunk-0003	10	251	80	7a911c7fa4c68d1ffd5b893f81e6000ecf19010593f429af2054508b9448ab7d	docs/governance/helix-agent-harness-topic-all-ref-content-chunk-0003-2026-07-07.tsv
bowen31337/claw-forge-plugin	main	1	0	0	ok	chunk-0003	1	70	70	1566e36c32b3d85eea01d2b8c1125c8130a45798b3b43a76e6502a8fcbcd83b8	docs/governance/helix-agent-harness-topic-all-ref-content-chunk-0003-2026-07-07.tsv
mcfordblessings2-cloud/agent-orchestra-bootloader	main	1	0	0	ok	chunk-0001	1	1	1	01781315907ba80365ba349e47f7a278ddc4d85b6af4819605c67685600a6d91	docs/governance/helix-agent-harness-topic-all-ref-content-chunk-0001-2026-07-07.tsv
PoLP0ot/hermes-claude-harness	main	1	0	0	ok	chunk-0002	1	48	48	ff162e0c6335af06d902bbbf8e16173ccce8a75ce35a90a29fe473cc2ebb47e0	docs/governance/helix-agent-harness-topic-all-ref-content-chunk-0002-2026-07-07.tsv
s-hiraoku/codex-harnesses	main	23	0	25	ok	chunk-0003	48	4625	237	5df43d9778e353221f21ae0131e37d6e5cf57e954c77ddff03de222d6a0b9930	docs/governance/helix-agent-harness-topic-all-ref-content-chunk-0003-2026-07-07.tsv
WhiteNoiseK/multi-agent-harness-loop-starter	main	1	0	0	ok	chunk-0003	1	123	123	a827b9cb9d7e32700d7eeb11fbea2cbd01f74412901d70f128312176397ac5b1	docs/governance/helix-agent-harness-topic-all-ref-content-chunk-0003-2026-07-07.tsv
Arakiss/greco	main	1	0	0	ok	chunk-0003	1	81	81	318e39d5f72185fcb42d2ec68edcd51dd174b9c4807d62c61df7ab2a1d9e29af	docs/governance/helix-agent-harness-topic-all-ref-content-chunk-0003-2026-07-07.tsv
ghbvf/bridle	main	1	0	0	ok	chunk-0005	1	27	25	e286dc8080afbc91a605b2939d0056602b9667653f4468960149ce4e584b4085	docs/governance/helix-agent-harness-topic-all-ref-content-chunk-0005-2026-07-07.tsv
KranzL/jje	main	1	0	0	ok	chunk-0004	1	877	724	e938f29b5ee8ef0799ed5606e2c9aae3056f22220368f92e33a17e9a87dcb8ce	docs/governance/helix-agent-harness-topic-all-ref-content-chunk-0004-2026-07-07.tsv
marius-patrik/agents-harness	main	3	2	107	ok	chunk-0005	112	337208	9512	1fcaed5ca2fe44c819625c78578baef3cf303b27beb93ba5d15f65787276dad8	docs/governance/helix-agent-harness-topic-all-ref-content-chunk-0005-2026-07-07.tsv
premsai-pendela/NexusIQ-AI	main	2	0	1	ok	chunk-0013	3	363	222	d44e6c6bb3981f31c3d50e5da4be7634243d5f02395b6b40a6adba244d089582	docs/governance/helix-agent-harness-topic-all-ref-content-chunk-0013-2026-07-07.tsv
WhiteNoiseK/claude-codex-harness-loop-starter	main	1	0	0	ok	chunk-0003	1	112	112	2309abba9704422674cb9ee9a36106339561979d1691a708b8b1bb6c420e43ad	docs/governance/helix-agent-harness-topic-all-ref-content-chunk-0003-2026-07-07.tsv
sunrisefromdark/sunrisefromdark.github.io	main	1	0	0	ok	chunk-0005	1	14	14	c8f6094c2211a69070f4e6c5f4b362583acd00c2a079b63fbe651ed2a7cf2834	docs/governance/helix-agent-harness-topic-all-ref-content-chunk-0005-2026-07-07.tsv
GeniusTechnoMystic/agentic-swe-grounding-system	main	2	0	1	ok	chunk-0002	3	483	161	7042a60bb51d69a950457b878463ef0954acede8f73b251c973d722c911e26f4	docs/governance/helix-agent-harness-topic-all-ref-content-chunk-0002-2026-07-07.tsv
X-McKay/bakudo	main	3	0	25	ok	chunk-0012	28	6370	1306	a1fa55651330228a9cc171d4828661dc6cb99107c32e82a3f3745272296df552	docs/governance/helix-agent-harness-topic-all-ref-content-chunk-0012-2026-07-07.tsv
unified-methods-division/vigil	main	1	0	0	ok	chunk-0002	1	27	27	76b116cb2214e2fe4f57f7ba479ab3eea76ee71576f89fa7a539a633876850c7	docs/governance/helix-agent-harness-topic-all-ref-content-chunk-0002-2026-07-07.tsv
bharat3645/The-Ideal-Harness	main	2	0	0	ok	chunk-0003	2	268	195	85291299eef82016d8d29d5ce08b255e60f47646c92885533f955e8964531f21	docs/governance/helix-agent-harness-topic-all-ref-content-chunk-0003-2026-07-07.tsv
hanlinlibham/able-harness-kit	main	1	2	0	ok	chunk-0001	3	42	19	10e85bc666e8212d3d6aa3d5247d4a826d225da895a981fc5acdbf2d66399041	docs/governance/helix-agent-harness-topic-all-ref-content-chunk-0001-2026-07-07.tsv
danielvogler/deep-agent-swe-harness	main	1	0	1	ok	chunk-0003	2	44	37	56891dc3832a4109241f158bcf332cf8f4c6a6c17c448d783aa7630b85676e60	docs/governance/helix-agent-harness-topic-all-ref-content-chunk-0003-2026-07-07.tsv
m83iyer/upbringing	main	1	0	0	ok	chunk-0002	1	29	29	abc19ad53be59580626e46802acc394951e89998e1133bd705daae5cb1e2479f	docs/governance/helix-agent-harness-topic-all-ref-content-chunk-0002-2026-07-07.tsv
dangeranger/conductor	main	1	0	0	ok	chunk-0002	1	82	82	416dcab60e03422d15a1f2a4329fbf496222d54a6967020fc5eed2e6a13676d1	docs/governance/helix-agent-harness-topic-all-ref-content-chunk-0002-2026-07-07.tsv
sujalmanpara/harness-engine	main	1	0	0	ok	chunk-0004	1	22	20	7e4401ef0101d1bff1ec156d96b625bc35fcb460e9323bb03acc2d6b0699f1a0	docs/governance/helix-agent-harness-topic-all-ref-content-chunk-0004-2026-07-07.tsv
primorLee/harnesslab	main	1	0	0	ok	chunk-0003	1	44	44	a51a10ea6d3e8ef6d4c04498109220e0d8f4e2f574749f8dc3e717ec4ef465d8	docs/governance/helix-agent-harness-topic-all-ref-content-chunk-0003-2026-07-07.tsv
estefanotuyama/radio-mcp	master	1	2	21	ok	chunk-0003	24	1453	206	addd59753cbe7d08ddf24df0ae0bce2ff7d44cf1205b96b404f5bc8359c38320	docs/governance/helix-agent-harness-topic-all-ref-content-chunk-0003-2026-07-07.tsv
netsky-prod/meta-harness	main	1	0	0	ok	chunk-0001	1	27	27	71e9d44935c71ff916c1ec543a31ce0fb92710314f4747ce007ef3f841a09770	docs/governance/helix-agent-harness-topic-all-ref-content-chunk-0001-2026-07-07.tsv
BraveCowNoFear/BraveCow-Harness-Codex	main	1	0	0	ok	chunk-0001	1	21	21	6dd9a451c7907c30f96e26de0397d3655a185ba47bb356b7b6f42034e08dd950	docs/governance/helix-agent-harness-topic-all-ref-content-chunk-0001-2026-07-07.tsv
blixxurd/context-agent-harnesses	main	1	0	1	ok	chunk-0003	2	145	83	9461bc07359003727ca979d15662fe0058683ef84d4913b02bebc88bda019734	docs/governance/helix-agent-harness-topic-all-ref-content-chunk-0003-2026-07-07.tsv
selfradiance/contextgate	main	1	2	0	ok	chunk-0002	3	58	29	044076004afc0416eba18d48f5bb2846cd534d2b09b543d4dc454b2a860c7602	docs/governance/helix-agent-harness-topic-all-ref-content-chunk-0002-2026-07-07.tsv
codexceed/avatar-harness	main	4	14	104	ok	chunk-0005	122	19680	1095	4e3a3a36a0c6478dcab5a9437e55f784d75ef9d5bcfce077cf01adb9b25722de	docs/governance/helix-agent-harness-topic-all-ref-content-chunk-0005-2026-07-07.tsv
SebastianBoehler/degov-agent-harness	master	1	0	0	ok	chunk-0002	1	38	36	79bb1d608bc5e70616f9f3bab7bed0d13ac9613d0ad02c50e711c25192ca7922	docs/governance/helix-agent-harness-topic-all-ref-content-chunk-0002-2026-07-07.tsv
elvismusli/onlyharness	main	1	0	0	ok	chunk-0005	1	177	159	8b2f8391bbd0a59d5d52c924dedd4ee1ea33801102be4dca63fbc1f6e544217e	docs/governance/helix-agent-harness-topic-all-ref-content-chunk-0005-2026-07-07.tsv
elhenro/bee	main	2	2	0	ok	chunk-0010	4	3333	1171	eeef8dd3461d213be542a5e11b35226d4e846e8382184bb55e8614be6ba51f90	docs/governance/helix-agent-harness-topic-all-ref-content-chunk-0010-2026-07-07.tsv
jaredboynton/unifable	main	1	55	0	ok	chunk-0006	56	26652	2081	019d1b2c614a326dbe533fadf262c3c8725217bf00303e0e887c2f4b9b81bddd	docs/governance/helix-agent-harness-topic-all-ref-content-chunk-0006-2026-07-07.tsv
to-real/awesome-agent-harness	master	1	1	0	ok	chunk-0002	2	16	8	e565a41e4f3ddd70baf26a48a21ba6a68d97802459a5886a54d70102b1a214a6	docs/governance/helix-agent-harness-topic-all-ref-content-chunk-0002-2026-07-07.tsv
115th-discomfited211/Awesome-Harness-Engineering	main	1	0	0	ok	chunk-0004	1	4	4	02da5187d134af8d788e11e39675cb421e35db1e156050f5223ffed00bb5666d	docs/governance/helix-agent-harness-topic-all-ref-content-chunk-0004-2026-07-07.tsv
chalkagents/chalk-protocol	dev	5	1	75	ok	chunk-0005	81	7858	511	7e11195a33a097c6712b351da3124f3abffd3c808f70730ef3608bfa8a5b36a1	docs/governance/helix-agent-harness-topic-all-ref-content-chunk-0005-2026-07-07.tsv
mike-diff/agent-harness-overview	main	1	0	0	ok	chunk-0002	1	50	50	85ab1477619e1853e1c5cc90c4196517334e86bb8891632a58d81c8e3e275ff6	docs/governance/helix-agent-harness-topic-all-ref-content-chunk-0002-2026-07-07.tsv
ar27111994/agent-harness-demo-video	main	2	0	2	ok	chunk-0014	4	140	35	11b754f0519c7b02077275fb87e266c0182ad241e1c96ab4ae868555a7bc2dfc	docs/governance/helix-agent-harness-topic-all-ref-content-chunk-0014-2026-07-07.tsv
LAHacks2026/Obi_Laptop	main	5	0	2	ok	chunk-0015	7	648	188	fa9c81b79f0eb624931f307dfe50be6dcbcade9846227813cdaa2bb5dad2b74a	docs/governance/helix-agent-harness-topic-all-ref-content-chunk-0015-2026-07-07.tsv
allanpablo/forja	main	1	0	0	ok	chunk-0004	1	653	596	7f5bb9b8b40b0581d14347a66445cb1c530d05a692772db40d9e8b3bbc3cfdd4	docs/governance/helix-agent-harness-topic-all-ref-content-chunk-0004-2026-07-07.tsv
lancekrogers/guild-core	main	4	0	5	ok	chunk-0019	9	14701	3455	d4edc108a8514e278e5a484057ae21bf22b7e40ea676c37ce3d52b0735d2ccc3	docs/governance/helix-agent-harness-topic-all-ref-content-chunk-0019-2026-07-07.tsv
Trusty-Squire/castellan	master	2	1	1	ok	chunk-0005	4	1954	723	d7c0c233f9694a28a54274fff4feecdc2b446dadfce6d4570191fc419184e35e	docs/governance/helix-agent-harness-topic-all-ref-content-chunk-0005-2026-07-07.tsv
mike-diff/sesh	main	2	1	36	ok	chunk-0003	39	3909	265	ea59e03f2c2d1e441574717c012f4145dd179d3fb8f038e506f417786818b65b	docs/governance/helix-agent-harness-topic-all-ref-content-chunk-0003-2026-07-07.tsv
OpenMind7/definitive-agent-harness-guide	main	1	0	0	ok	chunk-0002	1	17	17	151424644be5fdc32f88615dfa07ac5846b2b33260fcfe52056a369fdcf230eb	docs/governance/helix-agent-harness-topic-all-ref-content-chunk-0002-2026-07-07.tsv
jacksonanstee/agent-harness-JA	main	1	0	12	ok	chunk-0003	13	1046	213	88717361997d2dfcfc35d4197f930c39611653307646e00a2a8846a1003678ec	docs/governance/helix-agent-harness-topic-all-ref-content-chunk-0003-2026-07-07.tsv
kakineko/idea-search	main	1	0	0	ok	chunk-0003	1	81	79	99b70a08e8903d43f725225c5c90f2c6dcbc955c612dcb4b8700e2bc727cbcbd	docs/governance/helix-agent-harness-topic-all-ref-content-chunk-0003-2026-07-07.tsv
bochen2029-pixel/keel	main	1	0	0	ok	chunk-0004	1	86	86	cf761c99eaf62158618e6faff7d9fbfc42dd3ae6c1da7d249e901b2acb6b9216	docs/governance/helix-agent-harness-topic-all-ref-content-chunk-0004-2026-07-07.tsv
dsshap/pi-packages	main	1	0	0	ok	chunk-0003	1	78	75	c3c8db195df483070c98a6aa12a80297bea172326eace89ec4afc049cba97adc	docs/governance/helix-agent-harness-topic-all-ref-content-chunk-0003-2026-07-07.tsv
graphrefly/graphrefly	main	2	0	2	ok	chunk-0008	4	360	189	b1005da00d98d7eac0b65841507efeaef2f9970f4cac12afef2f423cee4c19d2	docs/governance/helix-agent-harness-topic-all-ref-content-chunk-0008-2026-07-07.tsv
SunChJ/learn-agent-harness	main	2	0	2	ok	chunk-0002	4	126	34	22fe39fb045bc015657dce9992433e1c3ab8aadf60f98495adb7f0dd71b7d4b4	docs/governance/helix-agent-harness-topic-all-ref-content-chunk-0002-2026-07-07.tsv
TorstenC/agent-harness-anatomy	main	1	0	0	ok	chunk-0003	1	21	20	00214385372b29dec4355df2d0c8d770d241cc8eb74b69d04e8508e82a3e28a9	docs/governance/helix-agent-harness-topic-all-ref-content-chunk-0003-2026-07-07.tsv
selfradiance/reapproval-gate	main	1	1	0	ok	chunk-0002	2	54	27	d760920361bab195ae20d0758f8175c3c7c777e43e25251e291cd43f0c84f5fb	docs/governance/helix-agent-harness-topic-all-ref-content-chunk-0002-2026-07-07.tsv
AmazingPeach/agent-startup-map	main	1	0	0	ok	chunk-0001	1	8	8	3e2208a3e7af2401c880da525c68b5bf4626d331002ea36818e9561cb571a4db	docs/governance/helix-agent-harness-topic-all-ref-content-chunk-0001-2026-07-07.tsv
Anandesh-Sharma/awesome-agent-harnesses	main	1	0	0	ok	chunk-0001	1	3	3	bbb69ad8ca1516cce86e4cbb61fed90fd8c87bbd51989be4bca3efcb9d4e6f93	docs/governance/helix-agent-harness-topic-all-ref-content-chunk-0001-2026-07-07.tsv
graphrefly/graphrefly-py	main	3	21	1	ok	chunk-0006	25	6773	817	79f5551790afa7e4d2d6f2e38195689ac748f5721fd05e50ec157fe4fd8d884d	docs/governance/helix-agent-harness-topic-all-ref-content-chunk-0006-2026-07-07.tsv
DDS-Solutions/Autonomous-Agentic-Tadpole	main	1	0	0	ok	chunk-0013	1	1121	1100	15da098bcc7f9b5f5fff8e0f4827793d8211fac535d26f8fc2aa86f5b09a77ee	docs/governance/helix-agent-harness-topic-all-ref-content-chunk-0013-2026-07-07.tsv
davidemiceli/puro-agent-harness	main	1	4	5	ok	chunk-0005	10	1413	252	c9ecd6c3417dcdd7fb916f7ec3e203bc61f2ebb95228e68493258d8d3f3922cf	docs/governance/helix-agent-harness-topic-all-ref-content-chunk-0005-2026-07-07.tsv
MadKangYu/document-harness-meetup	main	1	0	1	ok	chunk-0002	2	44	22	05e4ec1e642a96860c9ebc18e62d75d7243919006152a043c77538695cf1992b	docs/governance/helix-agent-harness-topic-all-ref-content-chunk-0002-2026-07-07.tsv
motivated-groupthink347/boss-skill	main	1	0	0	ok	chunk-0004	1	48	48	aa4d61a46573a01a79411c39b43fa1c6f95e82882edafd9d95e2d3edd457054c	docs/governance/helix-agent-harness-topic-all-ref-content-chunk-0004-2026-07-07.tsv
Daffiburrlike452/agent-harness-generator	main	1	0	0	ok	chunk-0011	1	846	694	88bdeea8a14d961e3337a1b401fcfad64892f5247474d4a84068c00cd9806479	docs/governance/helix-agent-harness-topic-all-ref-content-chunk-0011-2026-07-07.tsv
lelik1813/claw-code-java	main	1	1	0	ok	chunk-0006	2	832	416	7ad1662b7597e2e992987b1e3b8a4494747f036e396bee6c9a0080fe46798226	docs/governance/helix-agent-harness-topic-all-ref-content-chunk-0006-2026-07-07.tsv
ATaylorAerospace/Deterministic-Agent-Harness	main	1	0	5	ok	chunk-0003	6	97	20	834a62e628cc15aaec83a64e312238db7afc4b19b3eeb352f955664bb0ce8b07	docs/governance/helix-agent-harness-topic-all-ref-content-chunk-0003-2026-07-07.tsv
aaravriyer193/Agtx-code	main	1	0	0	ok	chunk-0001	1	20	20	3ffcd2c3e088216a031a89df93002cdbc693abfd586be6e33e4cf247338fd86b	docs/governance/helix-agent-harness-topic-all-ref-content-chunk-0001-2026-07-07.tsv
aray-17/code-capsules	main	2	1	2	ok	chunk-0007	5	1449	501	1c4652d2e1228762529d038ed8e6fb19c057833408bf6dc045f4c471b2376a3a	docs/governance/helix-agent-harness-topic-all-ref-content-chunk-0007-2026-07-07.tsv
logiccrafterdz/SAHA	master	1	0	0	ok	chunk-0003	1	89	89	3b2d6b64c615ab14745b8740d9223313d781ac9d045d28cb29e1ef4379a1a063	docs/governance/helix-agent-harness-topic-all-ref-content-chunk-0003-2026-07-07.tsv
NeoCh3n/HiveForge	main	1	0	0	ok	chunk-0003	1	54	54	f13b7e21abea55ac4446de36639870151b8be03bea46f9ceb21022e3b3f74101	docs/governance/helix-agent-harness-topic-all-ref-content-chunk-0003-2026-07-07.tsv
ProblemFactory/vibespace	master	2	41	16	ok	chunk-0015	59	5557	891	59fe1ae979768b8814583224ca76f76650b6a01bf0b42638240c279a21be7c05	docs/governance/helix-agent-harness-topic-all-ref-content-chunk-0015-2026-07-07.tsv
Ruafieldphase/trinity-agi	main	1	1	0	ok	chunk-0020	2	3601	1798	7e27788ee7795988cf3ea51def02165f51f4d4354562219bb7c10519a595f638	docs/governance/helix-agent-harness-topic-all-ref-content-chunk-0020-2026-07-07.tsv
XXY-CH/Agnet	main	1	0	0	ok	chunk-0004	1	282	282	cc576625e997f9064626414f3a1b4204565cadb8fc8f0275755dc06a8fc1dfa8	docs/governance/helix-agent-harness-topic-all-ref-content-chunk-0004-2026-07-07.tsv
netsky-prod/harness-spectrum	main	1	0	0	ok	chunk-0001	1	11	11	28377341e593c63a452390d2f2ad70a6bc213b707fd2ce6052be522064199f6a	docs/governance/helix-agent-harness-topic-all-ref-content-chunk-0001-2026-07-07.tsv
benlongmao/Self-becoming-zh	main	1	4	0	ok	chunk-0006	5	1922	533	edb66990907cdc0bd6a3b9e7e7ee9966843803729a4e96370d6a3e4f742079ad	docs/governance/helix-agent-harness-topic-all-ref-content-chunk-0006-2026-07-07.tsv
headcrabz/horizonX	master	1	1	0	ok	chunk-0003	2	181	92	c8ec0755a075355cf0330806e32fc6b9a6228657532bc05a7df1f8049fd99ea2	docs/governance/helix-agent-harness-topic-all-ref-content-chunk-0003-2026-07-07.tsv
rohaquinlop/michin	main	10	0	10	ok	chunk-0004	20	2520	160	99bf844db471c9d0c50f9760ea1c94c16f3fa518f8fe7a0233fd8cec85838088	docs/governance/helix-agent-harness-topic-all-ref-content-chunk-0004-2026-07-07.tsv
jiangyinzuo/agentic-software-engineering	main	1	0	0	ok	chunk-0001	1	19	19	dd3d969df924d7ad27a5439e97be85cfdcf7c9414fd93ca3555578c8144dff3c	docs/governance/helix-agent-harness-topic-all-ref-content-chunk-0001-2026-07-07.tsv
az9713/localforge-agent-harness-study	main	1	0	0	ok	chunk-0005	1	256	226	c02e8432cfae5df691d1eb99d6a2a5b7f2092857b13b8316c09c9658badd6230	docs/governance/helix-agent-harness-topic-all-ref-content-chunk-0005-2026-07-07.tsv
loveliiivelaugh/memoryme	main	2	1	3	ok	chunk-0006	6	767	153	3bfffbc383700f1c6e12d766aa3b26c9e62fd504e885f998da9a7fc79e513868	docs/governance/helix-agent-harness-topic-all-ref-content-chunk-0006-2026-07-07.tsv
qwc2869/product-to-tiktok-agent-ralphthon	main	1	0	0	ok	chunk-0001	1	27	24	3ba34ca114dce56ea955ed012f67c82b5ea3207d2f9af5e66c208e14a7a3ee9f	docs/governance/helix-agent-harness-topic-all-ref-content-chunk-0001-2026-07-07.tsv
portpowered/you-agent-factory-docs	main	40	0	38	ok	chunk-0004	78	18216	926	d37f315aec021cb3c2cb49445a9f06a535cfa9ed11c12ca76dcc4b7b43e5e0d7	docs/governance/helix-agent-harness-topic-all-ref-content-chunk-0004-2026-07-07.tsv
cogimanus/my-harness	main	1	0	0	ok	chunk-0001	1	28	28	4e61ea2ef3c02e196a5436e322425d79245ee85f6e5a0fdd67d7df37ec5d32b6	docs/governance/helix-agent-harness-topic-all-ref-content-chunk-0001-2026-07-07.tsv
meetsoma/website	main	2	0	2	ok	chunk-0019	4	1211	618	e1cf193c30aa7c07f369115966632f3093069b43f7beb0c328176d8a4c3a4d86	docs/governance/helix-agent-harness-topic-all-ref-content-chunk-0019-2026-07-07.tsv
maisieyang/build-my-own-harness	main	1	3	1	ok	chunk-0005	5	2071	616	c92695a294bc11b6fb7ca4a576dcab5bc4b8fac1afc6272000e94e64a92f5490	docs/governance/helix-agent-harness-topic-all-ref-content-chunk-0005-2026-07-07.tsv
dunkeln/murdock	mucho	1	0	0	ok	chunk-0004	1	232	232	124e5ab991948d92b0796670b132da94fba738fbba51ddc63be6b2a8ba0da273	docs/governance/helix-agent-harness-topic-all-ref-content-chunk-0004-2026-07-07.tsv
yufengtianyufeng/agent-harness-workflow	main	1	1	0	ok	chunk-0001	2	50	25	ff61c1e00d75e3b064ade636ab326ec9909b1c75a4b7c3e2f9825ba1a88bf689	docs/governance/helix-agent-harness-topic-all-ref-content-chunk-0001-2026-07-07.tsv
354685856-sn/claude-code-skills	main	1	1	0	ok	chunk-0001	2	30	15	8388fc069d841b1bb153b5ead8f43f42e07bee237deccc9617d7ebf3f7ae5a20	docs/governance/helix-agent-harness-topic-all-ref-content-chunk-0001-2026-07-07.tsv
CheemsaDoge/tcs-cosheaf	main	15	18	302	ok	chunk-0005	335	123024	2686	35fd652ee14208cb94810173e4bb225cfbd6f8696d367d1ec0d790b38496ce3c	docs/governance/helix-agent-harness-topic-all-ref-content-chunk-0005-2026-07-07.tsv
zachxtr/portable-agent-harness	main	1	0	0	ok	chunk-0012	1	80	72	990d021c6c9cd75b1d0376d80a7fd8add9c2d543a720a59bbe241d8cda9920d8	docs/governance/helix-agent-harness-topic-all-ref-content-chunk-0012-2026-07-07.tsv
thomas0124/ralph	main	1	3	0	ok	chunk-0002	4	352	86	c2cfabee14f6fedd20217e5351ff698a3425b198d44a00835ddcbe3a454504a2	docs/governance/helix-agent-harness-topic-all-ref-content-chunk-0002-2026-07-07.tsv
RubenHaisma/rl-studio	main	1	0	0	ok	chunk-0003	1	45	45	aa991be6c8f258a912efbce8f06308449c86757af8a5b5de2a97f54b1e830d6b	docs/governance/helix-agent-harness-topic-all-ref-content-chunk-0003-2026-07-07.tsv
luckzy14-afk/agent-harness-orchestrator	main	1	0	0	ok	chunk-0004	1	4	4	6e89058244853b409a0bb75964d2d5891d8bf088e1c81ff627207719f20c7f98	docs/governance/helix-agent-harness-topic-all-ref-content-chunk-0004-2026-07-07.tsv
penglei0501/agent-harness-lab	main	9	0	0	ok	chunk-0004	9	1848	281	bb42cf342cafcbb97b95ab33936658f58857dcd73f4f5c49114f7af50dcf55a1	docs/governance/helix-agent-harness-topic-all-ref-content-chunk-0004-2026-07-07.tsv
Mrbaeksang/solopilot	main	1	1	0	ok	chunk-0001	2	20	14	401980c835f7b34f4c6638a180797063734c0e2119505a4cdc8226b59476c69c	docs/governance/helix-agent-harness-topic-all-ref-content-chunk-0001-2026-07-07.tsv
yubi00/portfolio-assistant-langgraph	main	1	0	0	ok	chunk-0004	1	66	66	bcc6e86c7d702f007bdf6ee38fc2a423dc8fd14fc34e3767f19aa8db9276f87b	docs/governance/helix-agent-harness-topic-all-ref-content-chunk-0004-2026-07-07.tsv
qazasd2518995/helmsman	main	1	0	0	ok	chunk-0001	1	23	23	59a56ae452c3871126d54c031d5f151a68bc8bb7f6f4dc284598d19f0887b49a	docs/governance/helix-agent-harness-topic-all-ref-content-chunk-0001-2026-07-07.tsv
selfradiance/agent-interrupt-receipt	main	1	1	0	ok	chunk-0001	2	50	25	ed14ad2396feb4f797da98dee71ba03da9a199362c384d3606935e5cd240e6c0	docs/governance/helix-agent-harness-topic-all-ref-content-chunk-0001-2026-07-07.tsv
kolife01/evifarm	main	1	1	0	ok	chunk-0003	2	92	45	4c294a0c6b64e2bf42e53519f06676c174c8a67cf12d3c37bdd87af714b01b58	docs/governance/helix-agent-harness-topic-all-ref-content-chunk-0003-2026-07-07.tsv
duck-lint/Semantic-Geometry-CLI-Harness	two	2	0	0	ok	chunk-0004	2	164	150	e792707b31ccaf7a06617e5c7a0a208d105fa52286a7504cf5f5d08d15af2dda	docs/governance/helix-agent-harness-topic-all-ref-content-chunk-0004-2026-07-07.tsv
Warzone-Team/autopilot-coordinator-flow	main	1	0	0	ok	chunk-0004	1	4	4	694d96faa4c0bd9dca9edfdf90630cb2fa767df79601b073dab8762a6f7a34d8	docs/governance/helix-agent-harness-topic-all-ref-content-chunk-0004-2026-07-07.tsv
Mattyreed1/fractal-agent-team-starter	main	1	0	0	ok	chunk-0003	1	72	69	de743677f1b6cea732886900730f89ef781b38be2529cfe2b0b473d7e63adb60	docs/governance/helix-agent-harness-topic-all-ref-content-chunk-0003-2026-07-07.tsv
angelnicolasc/forge	main	1	2	0	ok	chunk-0004	3	709	331	2b9c2d13f13e2e552a0d37c5b7324db6f90a22bb75f722fae0254852419fa330	docs/governance/helix-agent-harness-topic-all-ref-content-chunk-0004-2026-07-07.tsv
greg-asher/oh-my-lawd	main	1	0	6	ok	chunk-0002	7	206	69	27ad2f1098bff5570d574a902c075503eed1eba14bedcc9a9d2ed2dfa21335c7	docs/governance/helix-agent-harness-topic-all-ref-content-chunk-0002-2026-07-07.tsv
Norinatiring463/loop-engineering	main	1	0	0	ok	chunk-0004	1	20	20	8f4d9072b91a6ab3873f35fc138abbed048bd92aa4b681a886bf15c238c05175	docs/governance/helix-agent-harness-topic-all-ref-content-chunk-0004-2026-07-07.tsv
VibeCodingNights/portable-harnesses	main	1	0	0	ok	chunk-0003	1	51	49	8822fd715fa89e1811f7c9f9f0feb5da1cd8cdc9a2797c439605c1e7822f4b5d	docs/governance/helix-agent-harness-topic-all-ref-content-chunk-0003-2026-07-07.tsv
ShenAC-SAC/AdaHarness	main	1	0	0	ok	chunk-0004	1	54	54	7ae275598a2837ccfdb28d83279f53ff6dc74f8b6771a7f9ecc3c21cb7454ad5	docs/governance/helix-agent-harness-topic-all-ref-content-chunk-0004-2026-07-07.tsv
smithg09/arcgentic	main	3	0	3	ok	chunk-0020	6	1682	338	6b89492dc1269edba88fbbf97e6145472ad85014bee8f23bed08a8c9f08c7a52	docs/governance/helix-agent-harness-topic-all-ref-content-chunk-0020-2026-07-07.tsv
dunkeln/signals	mucho	1	0	0	ok	chunk-0003	1	76	76	16c7ce0accf0985dbcf6d6d47ba8a2f2797bfaabe346ec784fb8700a2ba9d3ca	docs/governance/helix-agent-harness-topic-all-ref-content-chunk-0003-2026-07-07.tsv
farhan0167/minimal-agent	main	1	0	15	ok	chunk-0004	16	2446	419	884f63cdea0b7311b4c10a1183c97bdb112e0a1ff8f0cb96923327b9b944b368	docs/governance/helix-agent-harness-topic-all-ref-content-chunk-0004-2026-07-07.tsv
0xenzyme/agent-harness	main	2	1	0	ok	chunk-0007	3	398	221	cce1c427197780bdadc9c828b24e1955f6e470245d4e4c872efe1758a6db19b0	docs/governance/helix-agent-harness-topic-all-ref-content-chunk-0007-2026-07-07.tsv
nqtiendat/harness-agent-framework	main	2	0	1	ok	chunk-0002	3	261	87	d84d1886e7331754de505e9468613aaa088473d531fe8a2833eade6950433e22	docs/governance/helix-agent-harness-topic-all-ref-content-chunk-0002-2026-07-07.tsv
bigwaveml/bigwave	main	5	1	11	ok	chunk-0004	17	12482	804	5cdd5c7c26b6f4b187fcd82300d135cd98a50e0883e7cccd28a4b382a7b3f8b1	docs/governance/helix-agent-harness-topic-all-ref-content-chunk-0004-2026-07-07.tsv
lumatic2/askewly-harness	master	1	0	0	ok	chunk-0002	1	35	35	d0a31c63d9665531e17f2a2c405e88370b8fd9355ade1a66bbf5fd041b2eb9ac	docs/governance/helix-agent-harness-topic-all-ref-content-chunk-0002-2026-07-07.tsv
354685856-sn/354685856-sn	main	1	0	0	ok	chunk-0001	1	1	1	5bf8d89e1299d3f2f926db6304e8660e179aeb322195adb847a05792da3ff1f2	docs/governance/helix-agent-harness-topic-all-ref-content-chunk-0001-2026-07-07.tsv
zhangyi-nb1/localflow	main	1	40	0	ok	chunk-0012	41	11769	990	5e4b6037bfb02ed27e908bc2898ecfeb4288fc263b34bbb2aec6927699b76420	docs/governance/helix-agent-harness-topic-all-ref-content-chunk-0012-2026-07-07.tsv
assimovt/harness-from-scratch	main	1	0	0	ok	chunk-0001	1	22	22	580f7ee5a4e72b64259cc8aaaefeb72a47e82af3d9f25e8d2e5f12a896ce76a9	docs/governance/helix-agent-harness-topic-all-ref-content-chunk-0001-2026-07-07.tsv
arsham/rivet	master	1	4	0	ok	chunk-0011	5	12243	4962	eb47633f567a44f037a05154fe42f37e1c697ce8b5fdb0d2058f4c275d043481	docs/governance/helix-agent-harness-topic-all-ref-content-chunk-0011-2026-07-07.tsv
ink-charon/codepilot_lite	main	6	0	5	ok	chunk-0002	11	359	57	d4792cbba71bbfe1ce38c3247c5f97577dfd1dcb5c4fa1c0fc3b7be3bb461665	docs/governance/helix-agent-harness-topic-all-ref-content-chunk-0002-2026-07-07.tsv
ziyilam3999/local-first-agent-harness	main	12	3	33	ok	chunk-0003	48	2185	136	149391ee226a63c51193e0ae3257f8f35b200ece4d38eadcde22741a8f8dc4ee	docs/governance/helix-agent-harness-topic-all-ref-content-chunk-0003-2026-07-07.tsv
liuchao1637/longrun-agent-harness	main	1	0	0	ok	chunk-0001	1	24	24	50b0211412d537bbf0498fa7fd1b8ec290fdbff555c9189726053a749521796f	docs/governance/helix-agent-harness-topic-all-ref-content-chunk-0001-2026-07-07.tsv
mandarnilange/agentforge	main	1	6	19	ok	chunk-0004	26	15124	845	b2decd244b80d1dbb4f6b7f72bcfc77545ba5c2fa57d620302104fbf186512a1	docs/governance/helix-agent-harness-topic-all-ref-content-chunk-0004-2026-07-07.tsv
barry166/tiny-claw	codex/session-plan-mode-cli	1	0	0	ok	chunk-0003	1	134	134	c081a60cfc093b3b7e40de5b517479d7ea02c2133954f69b5d9e7da1dd0c5e43	docs/governance/helix-agent-harness-topic-all-ref-content-chunk-0003-2026-07-07.tsv
Ruafieldphase/shion-ai	main	1	1	0	ok	chunk-0004	2	590	390	f2802d6b4019622e55ac0c504b02415b1987757ea0ff2cbbaa263e4112db1d89	docs/governance/helix-agent-harness-topic-all-ref-content-chunk-0004-2026-07-07.tsv
hhamja/loopkit	main	1	0	0	ok	chunk-0002	1	63	43	856c7dddcf2b1634f0e49d58c22ff3f4d28f5a869b1749585d1130dd49e5662a	docs/governance/helix-agent-harness-topic-all-ref-content-chunk-0002-2026-07-07.tsv
354685856-sn/claude-obsidian-learning	master	1	0	0	ok	chunk-0001	1	7	7	76f49979eedcde2023bba4ec293e5b2e3f8c40baeeaa8c251fc8ef4226840a59	docs/governance/helix-agent-harness-topic-all-ref-content-chunk-0001-2026-07-07.tsv
