lobehub/lobehub	https://github.com/lobehub/lobehub.git	canary	2026-07-06T21:47:25Z	800265	79547	NOASSERTION
Mintplex-Labs/anything-llm	https://github.com/Mintplex-Labs/anything-llm.git	master	2026-07-06T21:56:09Z	85179	62696	MIT
agentscope-ai/QwenPaw	https://github.com/agentscope-ai/QwenPaw.git	main	2026-07-06T21:24:23Z	88727	20934	Apache-2.0
holaboss-ai/holaOS	https://github.com/holaboss-ai/holaOS.git	main	2026-07-06T16:12:09Z	58410	5490	NOASSERTION
peteromallet/desloppify	https://github.com/peteromallet/desloppify.git	main	2026-07-06T20:38:35Z	27722	2965	NOASSERTION
ai-boost/awesome-harness-engineering	https://github.com/ai-boost/awesome-harness-engineering.git	main	2026-07-06T21:36:20Z	423	2831	NOASSERTION
trustgraph-ai/trustgraph	https://github.com/trustgraph-ai/trustgraph.git	master	2026-07-06T18:31:09Z	101860	2268	Apache-2.0
limecloud/lime	https://github.com/limecloud/lime.git	main	2026-07-06T19:20:44Z	246866	1458	NOASSERTION
Picrew/awesome-agent-harness	https://github.com/Picrew/awesome-agent-harness.git	main	2026-07-06T15:34:36Z	472	1423	NOASSERTION
tmgthb/Autonomous-Agents	https://github.com/tmgthb/Autonomous-Agents.git	main	2026-07-05T20:23:38Z	31988	1337	MIT
first-fluke/oh-my-agent	https://github.com/first-fluke/oh-my-agent.git	main	2026-07-06T17:43:02Z	66961	1152	MIT
thClaws/thClaws	https://github.com/thClaws/thClaws.git	main	2026-07-06T20:32:14Z	39466	1145	Apache-2.0
Team-Commonly/commonly	https://github.com/Team-Commonly/commonly.git	main	2026-07-06T21:56:25Z	52057	1078	NOASSERTION
Chorus-AIDLC/Chorus	https://github.com/Chorus-AIDLC/Chorus.git	main	2026-07-06T15:34:54Z	118366	1064	AGPL-3.0
AI-Builder-Club/skills	https://github.com/AI-Builder-Club/skills.git	main	2026-07-06T16:37:19Z	1364	779	NOASSERTION
mateaix/mateclaw	https://github.com/mateaix/mateclaw.git	dev	2026-07-06T13:40:42Z	32736	702	Apache-2.0
desplega-ai/agent-swarm	https://github.com/desplega-ai/agent-swarm.git	main	2026-07-06T21:24:03Z	163776	578	MIT
zhnt/loushang	https://github.com/zhnt/loushang.git	main	2026-07-06T21:27:09Z	4903	522	Apache-2.0
AutoJunjie/awesome-agent-harness	https://github.com/AutoJunjie/awesome-agent-harness.git	main	2026-07-06T11:56:55Z	14999	473	NOASSERTION
SponsioLabs/Sponsio	https://github.com/SponsioLabs/Sponsio.git	main	2026-07-03T04:24:42Z	19403	465	Apache-2.0
exon-research/genomi	https://github.com/exon-research/genomi.git	master	2026-07-05T10:23:07Z	3698	459	Apache-2.0
clawdotnet/openclaw.net	https://github.com/clawdotnet/openclaw.net.git	main	2026-07-06T11:00:31Z	23635	432	MIT
ruvnet/metaharness	https://github.com/ruvnet/metaharness.git	main	2026-07-06T21:57:14Z	24165	427	MIT
shamspias/customizable-gpt-chatbot	https://github.com/shamspias/customizable-gpt-chatbot.git	main	2026-06-30T20:12:14Z	3915	395	NOASSERTION
agentic-in/inferoa	https://github.com/agentic-in/inferoa.git	main	2026-07-06T18:23:01Z	245927	394	Apache-2.0
deonmenezes/mantishack	https://github.com/deonmenezes/mantishack.git	main	2026-07-06T19:46:23Z	27356	364	Apache-2.0
Gloriaameng/Awesome-Agent-Harness	https://github.com/Gloriaameng/Awesome-Agent-Harness.git	main	2026-07-06T15:38:14Z	21133	299	CC-BY-4.0
manthanguptaa/water	https://github.com/manthanguptaa/water.git	main	2026-06-25T11:29:20Z	665	293	Apache-2.0
0xNyk/lacp	https://github.com/0xNyk/lacp.git	main	2026-07-06T16:29:18Z	2974	288	MIT
RyanAlberts/best-of-Agent-Harnesses	https://github.com/RyanAlberts/best-of-Agent-Harnesses.git	main	2026-07-06T19:14:42Z	3873	250	CC-BY-SA-4.0
omnirexflora-labs/omnicoreagent	https://github.com/omnirexflora-labs/omnicoreagent.git	main	2026-06-26T06:00:41Z	15876	244	MIT
LearnPrompt/cc-harness-skills	https://github.com/LearnPrompt/cc-harness-skills.git	main	2026-07-06T08:33:11Z	34	221	MIT
Intelligent-Internet/zenith	https://github.com/Intelligent-Internet/zenith.git	main	2026-07-06T20:55:15Z	15483	208	Apache-2.0
ReinaMacCredy/maestro	https://github.com/ReinaMacCredy/maestro.git	main	2026-07-06T19:51:08Z	36597	207	MIT
bitrouter/bitrouter	https://github.com/bitrouter/bitrouter.git	main	2026-07-06T17:32:20Z	6051	199	Apache-2.0
mattolson/agent-sandbox	https://github.com/mattolson/agent-sandbox.git	main	2026-06-25T13:53:40Z	1925	187	MIT
Zleap-AI/Zleap-Agent	https://github.com/Zleap-AI/Zleap-Agent.git	main	2026-07-06T09:51:47Z	8223	177	NOASSERTION
sd0xdev/sd0x-dev-flow	https://github.com/sd0xdev/sd0x-dev-flow.git	main	2026-07-06T02:13:58Z	6158	173	MIT
enmanuelmag/agent-harness-kit	https://github.com/enmanuelmag/agent-harness-kit.git	main	2026-06-28T05:34:47Z	1346	172	Apache-2.0
Magma1321/mythos-agent-pipe	https://github.com/Magma1321/mythos-agent-pipe.git	main	2026-07-06T21:42:19Z	119	151	NOASSERTION
romiluz13/cc10x	https://github.com/romiluz13/cc10x.git	main	2026-07-06T11:15:54Z	8910	150	MIT
RUCAIBox/awesome-agent-harness	https://github.com/RUCAIBox/awesome-agent-harness.git	main	2026-07-06T17:12:06Z	4706	140	MIT
inngest/utah	https://github.com/inngest/utah.git	main	2026-07-06T17:48:16Z	466	132	Apache-2.0
UnicomAI/UniHarness	https://github.com/UnicomAI/UniHarness.git	main	2026-07-01T02:31:55Z	5749	125	MIT
deepfates/cantrip	https://github.com/deepfates/cantrip.git	main	2026-07-06T06:24:03Z	3693	119	MIT
wulawulu/learn-claude-code-rs	https://github.com/wulawulu/learn-claude-code-rs.git	main	2026-07-06T14:53:37Z	1587	115	MIT
RightNow-AI/AutoMegaKernel	https://github.com/RightNow-AI/AutoMegaKernel.git	main	2026-07-06T14:48:50Z	1418	100	MIT
SonicBotMan/SoloFlow	https://github.com/SonicBotMan/SoloFlow.git	main	2026-06-17T14:45:49Z	2762	100	NOASSERTION
shamspias/reins	https://github.com/shamspias/reins.git	main	2026-07-06T04:59:21Z	471	90	MIT
mturac/everything-openai-codex	https://github.com/mturac/everything-openai-codex.git	main	2026-07-05T03:39:00Z	24372	83	MIT
7-e1even/learn-agent	https://github.com/7-e1even/learn-agent.git	main	2026-07-06T15:35:23Z	366	82	MIT
WanLanglin/-awesome-cc-harness	https://github.com/WanLanglin/-awesome-cc-harness.git	main	2026-07-06T15:08:14Z	7946	74	NOASSERTION
smartcomputer-ai/lightspeed	https://github.com/smartcomputer-ai/lightspeed.git	main	2026-07-06T15:28:40Z	7165	69	Apache-2.0
genai-io/san	https://github.com/genai-io/san.git	main	2026-07-05T11:57:12Z	29554	66	Apache-2.0
vitaliikapliuk/modelharness	https://github.com/vitaliikapliuk/modelharness.git	main	2026-06-25T13:14:33Z	105	62	MIT
appsoftwareltd/vscode-agent-kanban	https://github.com/appsoftwareltd/vscode-agent-kanban.git	main	2026-06-28T14:08:34Z	519	57	NOASSERTION
mvschwarz/openrig	https://github.com/mvschwarz/openrig.git	main	2026-07-06T08:20:23Z	10087	50	Apache-2.0
holny/Agent-Harness-Develop-Book	https://github.com/holny/Agent-Harness-Develop-Book.git	main	2026-07-03T07:28:56Z	985	47	NOASSERTION
Coral-Bricks-AI/reef	https://github.com/Coral-Bricks-AI/reef.git	main	2026-07-03T07:29:13Z	2600	46	Apache-2.0
SihyeonJeon/why-was-fable-banned	https://github.com/SihyeonJeon/why-was-fable-banned.git	main	2026-07-03T02:12:00Z	8315	45	MIT
TRocket-Labs/vectorlint	https://github.com/TRocket-Labs/vectorlint.git	main	2026-07-06T14:45:05Z	1751	45	Apache-2.0
strangeadvancedmarketing/Adam	https://github.com/strangeadvancedmarketing/Adam.git	master	2026-07-05T13:00:19Z	736	44	MIT
Mintplex-Labs/anythingllm-mobile	https://github.com/Mintplex-Labs/anythingllm-mobile.git	main	2026-07-06T12:12:15Z	35758	39	MIT
xiaonancs/claude-code-source-analysis	https://github.com/xiaonancs/claude-code-source-analysis.git	main	2026-06-30T13:17:25Z	17325	36	NOASSERTION
clawboo/clawboo	https://github.com/clawboo/clawboo.git	main	2026-07-06T20:15:37Z	13103	35	MIT
InternScience/ResearchHarness	https://github.com/InternScience/ResearchHarness.git	main	2026-06-29T10:23:40Z	1200	34	MIT
agenticenv/agent-sdk-go	https://github.com/agenticenv/agent-sdk-go.git	main	2026-07-06T07:06:17Z	22574	33	Apache-2.0
whut09/paper_agent	https://github.com/whut09/paper_agent.git	main	2026-07-06T11:38:52Z	8583	33	AGPL-3.0
ganimjeong/Harness-for-claude	https://github.com/ganimjeong/Harness-for-claude.git	main	2026-06-13T10:20:11Z	24	32	MIT
MatthewZMD/agent-digivolve-harness-loop	https://github.com/MatthewZMD/agent-digivolve-harness-loop.git	main	2026-06-08T16:16:05Z	202	30	MIT
move-hoon/sober	https://github.com/move-hoon/sober.git	main	2026-06-18T05:54:07Z	425	27	MIT
majiayu000/vibeguard	https://github.com/majiayu000/vibeguard.git	main	2026-07-06T05:35:08Z	6854	26	MIT
410979729/proofrail-hermes	https://github.com/410979729/proofrail-hermes.git	main	2026-07-03T07:56:41Z	354	25	MIT
xiaonancs/hermes-agent-study	https://github.com/xiaonancs/hermes-agent-study.git	main	2026-07-06T02:13:40Z	1819	25	NOASSERTION
michael-chow-arch/goldfxgraph	https://github.com/michael-chow-arch/goldfxgraph.git	main	2026-07-02T14:48:13Z	7455	23	MIT
sehoon787/my-codex	https://github.com/sehoon787/my-codex.git	main	2026-07-05T17:40:22Z	3579	20	MIT
edvinhallvaxhiu/langchain-task-steering	https://github.com/edvinhallvaxhiu/langchain-task-steering.git	main	2026-06-12T12:55:02Z	412	20	MIT
Rockielab/rockie-claude	https://github.com/Rockielab/rockie-claude.git	main	2026-06-24T04:08:58Z	1270	20	Apache-2.0
cosmtrek/jeju	https://github.com/cosmtrek/jeju.git	master	2026-06-27T15:55:22Z	3219	20	MIT
joyehuang/Learn-Open-Harness	https://github.com/joyehuang/Learn-Open-Harness.git	main	2026-07-02T14:13:33Z	47171	19	NOASSERTION
HaseebKhalid1507/SynapsCLI	https://github.com/HaseebKhalid1507/SynapsCLI.git	main	2026-07-06T11:42:13Z	10669	19	Apache-2.0
MeherBhaskar/agent-rigor	https://github.com/MeherBhaskar/agent-rigor.git	main	2026-07-02T08:35:55Z	2192	19	MIT
core0-io/nio	https://github.com/core0-io/nio.git	main	2026-06-22T07:37:02Z	4139	19	Apache-2.0
zxpmail/ReqForge	https://github.com/zxpmail/ReqForge.git	main	2026-07-05T11:29:09Z	2614	18	MIT
WhitzardAgent/qitos	https://github.com/WhitzardAgent/qitos.git	main	2026-07-06T17:02:53Z	15529	18	MIT
leodido/structcli	https://github.com/leodido/structcli.git	main	2026-07-06T17:41:04Z	7962	17	MIT
lukas-grigis/ralphctl	https://github.com/lukas-grigis/ralphctl.git	main	2026-07-06T11:57:18Z	11029	17	MIT
BicaMindLabs/FuguNano	https://github.com/BicaMindLabs/FuguNano.git	main	2026-07-04T02:48:54Z	1695	17	Apache-2.0
tomcounsell/ai	https://github.com/tomcounsell/ai.git	main	2026-07-06T15:56:25Z	127341	17	GPL-3.0
kiaquila/unicorn-hub	https://github.com/kiaquila/unicorn-hub.git	main	2026-06-30T02:01:28Z	248	16	MIT
HexamindOrganisation/hexgate	https://github.com/HexamindOrganisation/hexgate.git	main	2026-07-06T17:41:09Z	5543	16	MIT
knewstimek/gorchera	https://github.com/knewstimek/gorchera.git	master	2026-05-22T10:27:22Z	30974	16	NOASSERTION
Open-Harness/open-harness	https://github.com/Open-Harness/open-harness.git	master	2026-06-08T02:14:48Z	8941	15	MIT
zosmaai/dhara	https://github.com/zosmaai/dhara.git	main	2026-06-09T03:35:40Z	38938	14	MIT
asa-degroff/Porrima	https://github.com/asa-degroff/Porrima.git	main	2026-07-03T07:23:30Z	6116	14	Apache-2.0
listener-He/java-harness-agent	https://github.com/listener-He/java-harness-agent.git	claude-code	2026-06-17T14:49:51Z	2031	13	MIT
jity16/MiNerva	https://github.com/jity16/MiNerva.git	main	2026-06-29T06:55:14Z	22913	13	Apache-2.0
microsoft/Build26-BRK243-claw-and-agent-harness-in-microsoft-foundry	https://github.com/microsoft/Build26-BRK243-claw-and-agent-harness-in-microsoft-foundry.git	main	2026-06-29T19:05:57Z	2089	13	MIT
BA-CalderonMorales/agent-harness	https://github.com/BA-CalderonMorales/agent-harness.git	main	2026-06-28T16:01:39Z	46293	12	NOASSERTION
Ranvier-Technologies/pixir	https://github.com/Ranvier-Technologies/pixir.git	main	2026-07-06T21:19:53Z	1335	12	MIT
sehoon787/my-claude	https://github.com/sehoon787/my-claude.git	main	2026-07-05T18:29:16Z	3172	12	MIT
Dominien/hubspot-sales-agent	https://github.com/Dominien/hubspot-sales-agent.git	main	2026-06-15T20:14:44Z	417	12	MIT
joctaTorres/ratchet	https://github.com/joctaTorres/ratchet.git	main	2026-07-05T02:04:32Z	7351	12	MIT
prakashkagitha/evolving-agent-harnesses	https://github.com/prakashkagitha/evolving-agent-harnesses.git	main	2026-07-01T05:50:40Z	8113	12	MIT
ianphil/chamber	https://github.com/ianphil/chamber.git	master	2026-06-30T13:46:08Z	6185	12	MIT
schalkneethling/skills-autoresearch-flue	https://github.com/schalkneethling/skills-autoresearch-flue.git	main	2026-07-04T04:45:21Z	1093	12	NOASSERTION
chensheng/opc-harness	https://github.com/chensheng/opc-harness.git	main	2026-05-30T11:24:44Z	10046	11	MIT
ahwurm/localharness	https://github.com/ahwurm/localharness.git	main	2026-07-06T10:28:55Z	5044	11	MIT
memtomem/memtomem	https://github.com/memtomem/memtomem.git	main	2026-07-06T02:06:09Z	18184	10	Apache-2.0
clark-labs-inc/clark-agent	https://github.com/clark-labs-inc/clark-agent.git	main	2026-05-31T04:50:34Z	171	9	Apache-2.0
tenurehq/GroundEval	https://github.com/tenurehq/GroundEval.git	main	2026-07-06T10:19:58Z	6921	9	NOASSERTION
openexec/openexec	https://github.com/openexec/openexec.git	main	2026-07-06T21:01:33Z	2458576	9	MIT
AAO-SH/fable-harness	https://github.com/AAO-SH/fable-harness.git	main	2026-07-06T14:42:40Z	21636	9	MIT
Agent-Pattern-Labs/iso	https://github.com/Agent-Pattern-Labs/iso.git	main	2026-06-13T22:42:59Z	897	9	NOASSERTION
3xcaffeine/frontier-swe-openenv	https://github.com/3xcaffeine/frontier-swe-openenv.git	main	2026-05-10T15:46:56Z	102382	9	NOASSERTION
chapzin/codex-harness-mcp	https://github.com/chapzin/codex-harness-mcp.git	master	2026-06-02T12:29:33Z	621	8	MIT
BitmapAsset/mythos-harness	https://github.com/BitmapAsset/mythos-harness.git	main	2026-06-14T22:19:23Z	30	8	MIT
monoes/monomind	https://github.com/monoes/monomind.git	main	2026-07-06T21:07:36Z	148071	8	MIT
human-again/orbit	https://github.com/human-again/orbit.git	master	2026-06-29T23:24:06Z	2038	8	MIT
sky-valley/pi	https://github.com/sky-valley/pi.git	main	2026-07-06T10:06:22Z	640	8	MIT
huahuadeliaoliao/long-long-run	https://github.com/huahuadeliaoliao/long-long-run.git	main	2026-07-04T04:09:25Z	224	8	Apache-2.0
alvis-HaoH/gkd	https://github.com/alvis-HaoH/gkd.git	main	2026-07-04T20:46:39Z	282	7	MIT
HKUDS/AutoMemory	https://github.com/HKUDS/AutoMemory.git	main	2026-07-05T15:03:12Z	107090	7	NOASSERTION
hushctl/hush	https://github.com/hushctl/hush.git	main	2026-06-18T21:26:53Z	7941	7	MIT
Nairon-AI/flux	https://github.com/Nairon-AI/flux.git	main	2026-05-12T17:08:39Z	2816	7	MIT
aksika/abtars	https://github.com/aksika/abtars.git	dev	2026-07-06T19:55:25Z	9824	7	Apache-2.0
omarismailb/product-wiki	https://github.com/omarismailb/product-wiki.git	main	2026-06-28T16:08:00Z	1642	7	MIT
andykswong/mithic	https://github.com/andykswong/mithic.git	main	2026-07-06T01:25:19Z	26080	7	MIT
epuerta9/vent	https://github.com/epuerta9/vent.git	main	2026-06-08T13:54:54Z	5146	7	MIT
Peadarpol/ai-delivery-control	https://github.com/Peadarpol/ai-delivery-control.git	main	2026-07-06T12:03:34Z	1962	7	NOASSERTION
yfge/agent-harness-skills	https://github.com/yfge/agent-harness-skills.git	main	2026-07-01T02:08:06Z	147	7	MIT
EpisodeYu/HarnessSmith	https://github.com/EpisodeYu/HarnessSmith.git	main	2026-06-25T10:33:15Z	3180	6	MIT
m24927605/ait	https://github.com/m24927605/ait.git	main	2026-06-08T00:54:05Z	6771	6	MIT
xiaonancs/openclaw-study	https://github.com/xiaonancs/openclaw-study.git	main	2026-07-03T00:46:03Z	6489	5	NOASSERTION
23ag1/completely	https://github.com/23ag1/completely.git	main	2026-06-23T20:24:14Z	1114	5	MIT
akml2013/agent-harness-java	https://github.com/akml2013/agent-harness-java.git	main	2026-06-17T15:02:20Z	10730	5	MIT
Arthurescc/harness-creator	https://github.com/Arthurescc/harness-creator.git	main	2026-04-23T05:59:16Z	25	5	MIT
peter-olom/manor	https://github.com/peter-olom/manor.git	main	2026-07-01T14:55:12Z	5136	5	MIT
senweaver/SenHarness	https://github.com/senweaver/SenHarness.git	main	2026-06-26T02:48:12Z	5091	5	MIT
beydemirfurkan/opencode-gladio	https://github.com/beydemirfurkan/opencode-gladio.git	main	2026-05-29T13:00:19Z	764	5	NOASSERTION
yoshpy-dev/ralph	https://github.com/yoshpy-dev/ralph.git	main	2026-07-06T07:19:44Z	6547	5	MIT
infoechoes/AutoBCI-Harness	https://github.com/infoechoes/AutoBCI-Harness.git	main	2026-06-18T03:43:39Z	15337	5	Apache-2.0
cobusgreyling/grok-build-arsenal	https://github.com/cobusgreyling/grok-build-arsenal.git	main	2026-06-27T05:30:17Z	456	5	MIT
410979729/proofrail-openclaw	https://github.com/410979729/proofrail-openclaw.git	main	2026-07-02T03:38:29Z	389	5	MIT
framein-dev/framein	https://github.com/framein-dev/framein.git	main	2026-07-04T23:31:46Z	1689	4	MIT
xiaonancs/codex-source-analysis	https://github.com/xiaonancs/codex-source-analysis.git	main	2026-07-01T09:00:15Z	726	4	NOASSERTION
Jonhvmp/leopold	https://github.com/Jonhvmp/leopold.git	main	2026-07-06T09:33:55Z	2841	4	MIT
sky54laozhu/building-an-agent-harness	https://github.com/sky54laozhu/building-an-agent-harness.git	master	2026-06-16T11:26:57Z	1193	4	NOASSERTION
EthanSK/agent-bridge	https://github.com/EthanSK/agent-bridge.git	main	2026-06-27T22:05:26Z	1813	4	MIT
memtomem/memtomem-stm	https://github.com/memtomem/memtomem-stm.git	main	2026-07-05T09:46:21Z	5604	4	Apache-2.0
BeamusWayne/HarnessTemplates	https://github.com/BeamusWayne/HarnessTemplates.git	main	2026-06-10T07:07:47Z	208	4	MIT
mupozg823/codelens-mcp-plugin	https://github.com/mupozg823/codelens-mcp-plugin.git	main	2026-07-06T12:00:50Z	109898	4	Apache-2.0
droidnoob/hew	https://github.com/droidnoob/hew.git	main	2026-06-02T10:55:49Z	2752	4	MIT
VibeCodingNights/agent-harnesses	https://github.com/VibeCodingNights/agent-harnesses.git	main	2026-05-12T11:45:37Z	57	4	MIT
XXY-CH/Aetherion	https://github.com/XXY-CH/Aetherion.git	main	2026-06-25T22:46:05Z	3552	4	NOASSERTION
isagawa-co/isagawa-kernel	https://github.com/isagawa-co/isagawa-kernel.git	main	2026-06-09T23:29:10Z	710	4	MIT
bettyguo/harness-engineer-roadmap	https://github.com/bettyguo/harness-engineer-roadmap.git	main	2026-06-20T19:50:26Z	2752	4	NOASSERTION
Milind220/agent-sdk-rs	https://github.com/Milind220/agent-sdk-rs.git	main	2026-05-24T10:04:49Z	697	4	MIT
lyc-aon/successor-agent	https://github.com/lyc-aon/successor-agent.git	master	2026-04-18T00:53:18Z	1953	4	Apache-2.0
mirasoth/soothe	https://github.com/mirasoth/soothe.git	main	2026-07-06T17:06:49Z	24864	4	MIT
harshalmore31/phoenix-os	https://github.com/harshalmore31/phoenix-os.git	main	2026-06-09T13:04:02Z	1657	4	Apache-2.0
neurocis/a0_superordinates	https://github.com/neurocis/a0_superordinates.git	main	2026-05-19T05:37:44Z	671	4	NOASSERTION
yu-iskw/sqlfluff-complexity	https://github.com/yu-iskw/sqlfluff-complexity.git	main	2026-06-02T10:09:10Z	4532	4	Apache-2.0
Parker617/whalefall	https://github.com/Parker617/whalefall.git	main	2026-05-09T03:39:00Z	302	3	MIT
ar27111994/agent-harness	https://github.com/ar27111994/agent-harness.git	main	2026-06-24T13:35:11Z	2027	3	MIT
verkyyi/tokenman	https://github.com/verkyyi/tokenman.git	main	2026-05-31T13:43:14Z	4294	3	MIT
CaesiumY/harness-optimizer	https://github.com/CaesiumY/harness-optimizer.git	main	2026-05-20T05:08:27Z	38	3	MIT
gzhzk/nanodeer	https://github.com/gzhzk/nanodeer.git	main	2026-06-18T07:45:02Z	1355	3	MIT
jeanlag1/vibeharness	https://github.com/jeanlag1/vibeharness.git	main	2026-05-09T23:19:44Z	99	3	MIT
edwardZhang/sps-cli	https://github.com/edwardZhang/sps-cli.git	main	2026-06-04T05:52:39Z	3228	3	MIT
ferterahadi/canary-lab	https://github.com/ferterahadi/canary-lab.git	main	2026-07-02T17:44:13Z	139531	3	MIT
GeorgeWingg/Neural-Computer	https://github.com/GeorgeWingg/Neural-Computer.git	main	2026-05-05T15:50:41Z	3043	3	NOASSERTION
mindtheproduct/vennie	https://github.com/mindtheproduct/vennie.git	main	2026-04-15T16:27:46Z	956	3	NOASSERTION
hoiung/sst3-ai-harness	https://github.com/hoiung/sst3-ai-harness.git	main	2026-07-06T14:22:53Z	3003	3	MIT
yenanjing/awesome-harness-engineering	https://github.com/yenanjing/awesome-harness-engineering.git	main	2026-07-06T07:24:14Z	321	3	NOASSERTION
wujfeng712-ui/claude-code-harness-notes	https://github.com/wujfeng712-ui/claude-code-harness-notes.git	main	2026-06-21T16:31:00Z	194	3	MIT
PatterAI/skills	https://github.com/PatterAI/skills.git	main	2026-07-02T09:17:45Z	426	3	MIT
zester4/eltes	https://github.com/zester4/eltes.git	main	2026-07-06T13:21:53Z	9648	3	NOASSERTION
onblueroses/strata	https://github.com/onblueroses/strata.git	main	2026-07-02T22:59:06Z	3004	3	NOASSERTION
Muulor/AgentVis	https://github.com/Muulor/AgentVis.git	main	2026-07-01T13:08:05Z	79124	3	MIT
dineshdb/pie	https://github.com/dineshdb/pie.git	main	2026-05-25T15:54:16Z	1118	3	MIT
zyziyun/claude-code-mini	https://github.com/zyziyun/claude-code-mini.git	main	2026-07-01T05:52:54Z	115	3	NOASSERTION
aitrace-dev/granclaw	https://github.com/aitrace-dev/granclaw.git	main	2026-05-01T21:14:35Z	21828	3	MIT
ryanjames85/grom	https://github.com/ryanjames85/grom.git	main	2026-06-13T10:34:25Z	894	2	NOASSERTION
raeseoklee/codexus	https://github.com/raeseoklee/codexus.git	main	2026-06-29T02:18:52Z	3287	2	MIT
BeamusWayne/trace-vault	https://github.com/BeamusWayne/trace-vault.git	main	2026-06-12T17:22:10Z	354	2	MIT
secondorderai/ouroboros	https://github.com/secondorderai/ouroboros.git	main	2026-07-04T04:20:21Z	45041	2	MIT
JoaoEquer/Oficina	https://github.com/JoaoEquer/Oficina.git	main	2026-07-06T16:40:37Z	55	2	MIT
ourostack/ouroboros	https://github.com/ourostack/ouroboros.git	main	2026-07-06T21:03:32Z	18856	2	NOASSERTION
NeuroverseOS/Neuroverseos-governance	https://github.com/NeuroverseOS/Neuroverseos-governance.git	main	2026-06-16T11:51:30Z	2890	2	Apache-2.0
lordaeternus/agent-execution-harness	https://github.com/lordaeternus/agent-execution-harness.git	main	2026-05-29T20:28:03Z	385	2	MIT
Thakurvaibhav/platform-agent-harness	https://github.com/Thakurvaibhav/platform-agent-harness.git	main	2026-07-05T03:50:10Z	331	2	NOASSERTION
MendCode/MendCode	https://github.com/MendCode/MendCode.git	main	2026-06-26T02:54:28Z	72673	2	MIT
samartomar/ai-harness	https://github.com/samartomar/ai-harness.git	main	2026-07-06T20:54:36Z	58518	2	Apache-2.0
katipally/friday-code	https://github.com/katipally/friday-code.git	main	2026-06-27T00:06:07Z	25722	2	MIT
PatterAI/patter-mcp	https://github.com/PatterAI/patter-mcp.git	main	2026-06-02T16:01:31Z	689	2	MIT
dahrkai/dahrk-node	https://github.com/dahrkai/dahrk-node.git	main	2026-07-06T21:50:31Z	288	2	Apache-2.0
FutronPrime/verity-harness	https://github.com/FutronPrime/verity-harness.git	main	2026-06-29T01:36:12Z	45963	2	MIT
NFJones/mezzanine	https://github.com/NFJones/mezzanine.git	main	2026-07-03T13:33:47Z	17523	2	Apache-2.0
binary16labs/prime-silo	https://github.com/binary16labs/prime-silo.git	main	2026-07-06T13:33:43Z	33250	2	MIT
spoke-sh/paddles	https://github.com/spoke-sh/paddles.git	main	2026-06-08T17:58:32Z	20300	2	MIT
leezythu/agent-harness-compare	https://github.com/leezythu/agent-harness-compare.git	main	2026-06-16T04:28:22Z	91	2	MIT
androidZzT/harness-engineering-practice	https://github.com/androidZzT/harness-engineering-practice.git	main	2026-06-23T23:38:10Z	1256	2	CC-BY-4.0
Picrew/LLM-Harness	https://github.com/Picrew/LLM-Harness.git	main	2026-07-01T01:33:02Z	6399	2	MIT
shimo4228/agent-attribution-practice	https://github.com/shimo4228/agent-attribution-practice.git	main	2026-07-06T11:46:32Z	821	2	MIT
migos1990/ai-eng-team-harness	https://github.com/migos1990/ai-eng-team-harness.git	main	2026-06-15T13:28:54Z	117	2	MIT
youxufkhan/my-opencode-config	https://github.com/youxufkhan/my-opencode-config.git	master	2026-06-27T12:11:59Z	160	2	NOASSERTION
MRGRD56/pi-omp-skills-autocomplete	https://github.com/MRGRD56/pi-omp-skills-autocomplete.git	master	2026-06-28T12:59:22Z	35	2	GPL-3.0
herreravalenz6620/context-compression	https://github.com/herreravalenz6620/context-compression.git	main	2026-07-06T19:46:40Z	606	2	MIT
uzysjung/uzys-agent-harness	https://github.com/uzysjung/uzys-agent-harness.git	main	2026-07-05T08:24:06Z	3176	2	MIT
qimen039-code/claim-boundary-harness	https://github.com/qimen039-code/claim-boundary-harness.git	main	2026-07-06T07:13:47Z	1256	2	MIT
hssh8917/cc-skills	https://github.com/hssh8917/cc-skills.git	main	2026-07-06T21:59:58Z	805	2	MIT
frankxai/agentic-business-os	https://github.com/frankxai/agentic-business-os.git	main	2026-06-30T07:26:33Z	99	2	MIT
benlongmao/Self-becoming	https://github.com/benlongmao/Self-becoming.git	main	2026-07-02T16:56:21Z	4348	1	Apache-2.0
imagent-lab/learn-openai-responses-api	https://github.com/imagent-lab/learn-openai-responses-api.git	main	2026-04-08T09:44:10Z	348	1	MIT
guilingzhouyi-creator/NOMOS	https://github.com/guilingzhouyi-creator/NOMOS.git	main	2026-06-26T12:56:54Z	118987	1	MIT
HaaaappyDay/what-is-harness	https://github.com/HaaaappyDay/what-is-harness.git	main	2026-06-12T07:47:57Z	120	1	MIT
hjnnjh/agent-learning	https://github.com/hjnnjh/agent-learning.git	main	2026-06-22T03:16:16Z	98	1	NOASSERTION
gjkoplik/hiveplotlib-agent-harness	https://github.com/gjkoplik/hiveplotlib-agent-harness.git	main	2026-07-06T14:13:38Z	564	1	NOASSERTION
DancingCircles/billing-ops-copilot	https://github.com/DancingCircles/billing-ops-copilot.git	main	2026-06-28T10:21:42Z	5698	1	MIT
LeHungViet/scroll	https://github.com/LeHungViet/scroll.git	main	2026-06-22T07:56:36Z	90	1	MIT
mossagents/moss	https://github.com/mossagents/moss.git	main	2026-04-30T10:00:05Z	8706	1	NOASSERTION
lian-tian-mo-zun/minimal-stable-python-agent	https://github.com/lian-tian-mo-zun/minimal-stable-python-agent.git	main	2026-04-27T23:39:11Z	62	1	MIT
AtharshKrishnamoorthy/ARIVU	https://github.com/AtharshKrishnamoorthy/ARIVU.git	main	2026-06-07T12:04:31Z	87032	1	MIT
gzb1128/skill-forge	https://github.com/gzb1128/skill-forge.git	main	2026-07-03T06:28:48Z	307	1	MIT
elizabethfuentes12/resilient-agent-harness-sample-for-aws	https://github.com/elizabethfuentes12/resilient-agent-harness-sample-for-aws.git	main	2026-06-24T16:03:16Z	4272	1	MIT-0
luislozanogmia/fixingrok	https://github.com/luislozanogmia/fixingrok.git	main	2026-06-28T18:54:47Z	23	1	MIT
KoreanCode/orange-hyper	https://github.com/KoreanCode/orange-hyper.git	main	2026-06-23T06:12:51Z	6592	1	MIT
NullNyx/just-harness	https://github.com/NullNyx/just-harness.git	main	2026-07-03T09:13:53Z	28	1	MIT
Catfish-75/claw-task-hub	https://github.com/Catfish-75/claw-task-hub.git	main	2026-06-03T17:44:55Z	535	1	MIT
jimmc414/opal-harness	https://github.com/jimmc414/opal-harness.git	main	2026-07-01T22:45:33Z	291	1	NOASSERTION
hiloopai/hiloop-interceptor	https://github.com/hiloopai/hiloop-interceptor.git	main	2026-07-06T03:20:17Z	575	1	Apache-2.0
AnayDhawan/oss-launch	https://github.com/AnayDhawan/oss-launch.git	main	2026-07-06T10:20:50Z	5479	1	NOASSERTION
uppifyagency/loop-kernel	https://github.com/uppifyagency/loop-kernel.git	main	2026-06-28T13:57:41Z	83	1	MIT
BeamusWayne/Alfred	https://github.com/BeamusWayne/Alfred.git	main	2026-06-13T01:37:13Z	2160	1	MIT
acoyfellow/terrarium	https://github.com/acoyfellow/terrarium.git	main	2026-06-30T00:54:57Z	31390	1	MIT
shiftbloom-studio/myosotis	https://github.com/shiftbloom-studio/myosotis.git	main	2026-04-16T07:55:28Z	1762	1	Apache-2.0
terva-sh/terva	https://github.com/terva-sh/terva.git	release	2026-07-06T13:00:50Z	11996	1	MIT
xLabel/AutoPatch-J	https://github.com/xLabel/AutoPatch-J.git	master	2026-06-11T17:56:10Z	1308	1	NOASSERTION
the-sid-dani/second-brain-os	https://github.com/the-sid-dani/second-brain-os.git	main	2026-07-02T16:30:44Z	1595	1	MIT
samiralibabic/open-ended-agent	https://github.com/samiralibabic/open-ended-agent.git	main	2026-04-27T04:34:10Z	171	1	MIT
jd-solanki/krutrimbox	https://github.com/jd-solanki/krutrimbox.git	main	2026-06-29T13:44:26Z	495	1	NOASSERTION
zkhorozianbc/reps	https://github.com/zkhorozianbc/reps.git	main	2026-05-15T17:23:30Z	6861	1	MIT
wang2-lat/micro-harness	https://github.com/wang2-lat/micro-harness.git	main	2026-04-09T21:25:26Z	210	1	NOASSERTION
baksohyeon/mogui-agent-harness	https://github.com/baksohyeon/mogui-agent-harness.git	main	2026-07-06T10:04:47Z	159	1	MIT
RasputinKaiser/Self-Improvement-Plugin	https://github.com/RasputinKaiser/Self-Improvement-Plugin.git	main	2026-07-03T06:54:02Z	538	1	MIT
anthony-maio/agent-harness-90m	https://github.com/anthony-maio/agent-harness-90m.git	main	2026-05-19T12:40:48Z	22	1	MIT
mantaray0/crew	https://github.com/mantaray0/crew.git	main	2026-06-22T14:47:53Z	464	1	MIT
Othunderlight/tammam-agent	https://github.com/Othunderlight/tammam-agent.git	main	2026-05-12T06:02:47Z	309	1	GPL-3.0
cpplain/lorah	https://github.com/cpplain/lorah.git	main	2026-04-09T05:07:24Z	173	1	MIT
janani-h-kumar/em-ai-labs	https://github.com/janani-h-kumar/em-ai-labs.git	master	2026-06-26T00:05:07Z	812	1	MIT
maxkskhor/pokemon-harness	https://github.com/maxkskhor/pokemon-harness.git	pokemon-harness	2026-06-16T04:50:30Z	2682	1	MIT
gloweaseco-leo/gloweaseco-leo	https://github.com/gloweaseco-leo/gloweaseco-leo.git	main	2026-05-23T07:31:42Z	3	1	NOASSERTION
bhanuvikas/minion-cli	https://github.com/bhanuvikas/minion-cli.git	main	2026-06-15T00:56:54Z	1144	1	MIT
dotoricode/tink-harness	https://github.com/dotoricode/tink-harness.git	main	2026-07-01T05:38:02Z	28444	1	MIT
pko89403/A-RAG	https://github.com/pko89403/A-RAG.git	main	2026-04-21T09:38:54Z	4096	1	NOASSERTION
kedarvartak/rote	https://github.com/kedarvartak/rote.git	main	2026-07-06T18:33:23Z	587	1	MIT
contextosai/skills	https://github.com/contextosai/skills.git	main	2026-06-09T01:40:23Z	49	1	MIT
samuelnp/centinela	https://github.com/samuelnp/centinela.git	main	2026-07-01T21:23:00Z	9627	1	MIT
playbasis/agent-os	https://github.com/playbasis/agent-os.git	main	2026-07-06T21:54:08Z	416	1	Apache-2.0
0kim0bos/yam	https://github.com/0kim0bos/yam.git	main	2026-06-30T02:11:20Z	363	1	MIT
Zwc-11/Murmur-ai-harness	https://github.com/Zwc-11/Murmur-ai-harness.git	main	2026-07-01T21:53:59Z	6423	1	MIT
nanawanzii/deli-autoresearch-skill-protocol	https://github.com/nanawanzii/deli-autoresearch-skill-protocol.git	main	2026-07-02T07:22:45Z	28	1	MIT
kentunderage549/cc-harness-skills	https://github.com/kentunderage549/cc-harness-skills.git	main	2026-07-06T19:35:35Z	486	1	MIT
alexsds/ade-workflow	https://github.com/alexsds/ade-workflow.git	main	2026-04-07T14:35:58Z	83	1	MIT
nevenincs/vaultspec-core	https://github.com/nevenincs/vaultspec-core.git	main	2026-07-06T15:56:29Z	12028	1	MIT
agi-friendly/domain-navigation-layer	https://github.com/agi-friendly/domain-navigation-layer.git	main	2026-06-30T13:33:40Z	315	1	Apache-2.0
rjunee/neutron	https://github.com/rjunee/neutron.git	main	2026-07-06T18:55:01Z	11775	1	Apache-2.0
lastmindforever36/agent-grounded-infrastructure	https://github.com/lastmindforever36/agent-grounded-infrastructure.git	main	2026-06-02T11:24:54Z	79	1	MIT
yuecao365/agent-codebase-analysis-skill	https://github.com/yuecao365/agent-codebase-analysis-skill.git	main	2026-06-27T06:00:54Z	59	1	MIT
RhythrosaLabs/claw-code-ui	https://github.com/RhythrosaLabs/claw-code-ui.git	main	2026-07-03T07:11:28Z	5110	1	NOASSERTION
emavague180/claw-code-parity	https://github.com/emavague180/claw-code-parity.git	main	2026-07-06T19:36:28Z	6595	1	NOASSERTION
MarcusViniciusBarcelos/spec-agent	https://github.com/MarcusViniciusBarcelos/spec-agent.git	main	2026-06-01T15:32:09Z	142	1	MIT
pavel-voronin/tgdyk	https://github.com/pavel-voronin/tgdyk.git	main	2026-06-25T17:36:26Z	952	1	MIT
veithly/build-your-own-agent	https://github.com/veithly/build-your-own-agent.git	main	2026-05-26T18:05:37Z	103	1	NOASSERTION
graphrefly/graphrefly-ts	https://github.com/graphrefly/graphrefly-ts.git	main	2026-07-06T16:51:26Z	12010	1	MIT
brandoncarneiro/harness-lab	https://github.com/brandoncarneiro/harness-lab.git	main	2026-07-03T00:15:41Z	71	1	MIT
qwerfunch/harness-boot	https://github.com/qwerfunch/harness-boot.git	main	2026-05-28T02:48:15Z	6906	1	MIT
saorsa-labs/fluers	https://github.com/saorsa-labs/fluers.git	main	2026-07-03T20:18:55Z	844	1	NOASSERTION
lk19940215/claude-coder	https://github.com/lk19940215/claude-coder.git	main	2026-04-22T06:43:53Z	17993	1	NOASSERTION
Abbasi-Alain/atlas	https://github.com/Abbasi-Alain/atlas.git	main	2026-06-22T17:36:33Z	8186	1	MIT
MonyetBatu/practice-theory-implementation	https://github.com/MonyetBatu/practice-theory-implementation.git	main	2026-06-27T00:13:58Z	2666	1	Apache-2.0
hannsxpeter/mythify	https://github.com/hannsxpeter/mythify.git	main	2026-07-04T16:19:05Z	1215	1	MIT
IgorGanapolsky/mac-yolo-safeguards	https://github.com/IgorGanapolsky/mac-yolo-safeguards.git	main	2026-07-05T23:14:15Z	41941	1	MIT
fastbeast2023-netizen/awesome-harness-engineering	https://github.com/fastbeast2023-netizen/awesome-harness-engineering.git	main	2026-07-06T19:33:12Z	492	1	NOASSERTION
zhuzhiguang927-spec/investor-harness-oss	https://github.com/zhuzhiguang927-spec/investor-harness-oss.git	main	2026-06-11T17:33:14Z	484	1	MIT
Siddhant-Goswami/Crucible	https://github.com/Siddhant-Goswami/Crucible.git	main	2026-07-03T18:03:00Z	478	1	MIT
Edge-Explorer/Kaggle-SAE	https://github.com/Edge-Explorer/Kaggle-SAE.git	main	2026-04-12T05:54:15Z	13	1	MIT
tabbypyrotechnic519/claw-code-parity	https://github.com/tabbypyrotechnic519/claw-code-parity.git	main	2026-07-06T19:36:41Z	6535	1	NOASSERTION
rapoii/vex	https://github.com/rapoii/vex.git	master	2026-06-17T06:04:51Z	491	0	MIT
desty/isms-p-assist	https://github.com/desty/isms-p-assist.git	main	2026-06-03T07:22:23Z	1484	0	Apache-2.0
WhiteNoiseK/agent-harness-starter	https://github.com/WhiteNoiseK/agent-harness-starter.git	main	2026-06-12T11:11:44Z	229	0	MIT
zjukop/deepseek-harness	https://github.com/zjukop/deepseek-harness.git	main	2026-05-19T08:14:02Z	34	0	MIT
sriv2804/agentflow	https://github.com/sriv2804/agentflow.git	main	2026-07-05T15:49:11Z	71	0	NOASSERTION
frankxai/agentic-ops-hub	https://github.com/frankxai/agentic-ops-hub.git	main	2026-06-26T02:24:48Z	17264	0	NOASSERTION
tahasiddiquii/ai-harness	https://github.com/tahasiddiquii/ai-harness.git	main	2026-07-01T09:59:09Z	47	0	MIT
svenbecht/00Z	https://github.com/svenbecht/00Z.git	main	2026-07-05T08:58:05Z	632	0	MIT
Luis247911/universal-ai-workspace-foundation	https://github.com/Luis247911/universal-ai-workspace-foundation.git	main	2026-06-07T15:03:50Z	327	0	MIT
aelaguiz/rally	https://github.com/aelaguiz/rally.git	main	2026-04-20T15:53:11Z	3382	0	MIT
minzique/pi-team	https://github.com/minzique/pi-team.git	main	2026-04-05T06:27:01Z	114	0	MIT
IshiharaHaruki/awesome-loop-engineering	https://github.com/IshiharaHaruki/awesome-loop-engineering.git	main	2026-07-03T08:31:27Z	7	0	CC0-1.0
SyntagmaNull/ai-agent-reliability-harness	https://github.com/SyntagmaNull/ai-agent-reliability-harness.git	main	2026-05-13T21:54:56Z	316	0	Apache-2.0
roverdude24/agentic-visual-grounding-rubric	https://github.com/roverdude24/agentic-visual-grounding-rubric.git	main	2026-06-18T08:52:19Z	58	0	MIT
TristanBietsch/rex	https://github.com/TristanBietsch/rex.git	master	2026-05-20T02:11:01Z	1009	0	NOASSERTION
selfradiance/rollback-receipt	https://github.com/selfradiance/rollback-receipt.git	main	2026-05-28T19:08:47Z	29	0	NOASSERTION
noopolis/daimon	https://github.com/noopolis/daimon.git	main	2026-06-30T23:06:44Z	160	0	MIT
CarlSR9001/whetstone	https://github.com/CarlSR9001/whetstone.git	master	2026-07-02T20:05:56Z	229	0	AGPL-3.0
selfradiance/work-session-ledger	https://github.com/selfradiance/work-session-ledger.git	main	2026-05-28T19:14:19Z	31	0	NOASSERTION
hhamja/loop-engineering-architecture	https://github.com/hhamja/loop-engineering-architecture.git	main	2026-07-06T16:37:33Z	517	0	MIT
sun9huni/claude-codex-coordination	https://github.com/sun9huni/claude-codex-coordination.git	main	2026-06-12T01:47:17Z	301	0	MIT
Chris-Rebentisch/dualpass	https://github.com/Chris-Rebentisch/dualpass.git	main	2026-06-01T21:00:27Z	455	0	Apache-2.0
Botfather90/digiton-agent-fleet	https://github.com/Botfather90/digiton-agent-fleet.git	main	2026-07-04T01:44:47Z	25	0	MIT
gongke-cxt/claw-code-main	https://github.com/gongke-cxt/claw-code-main.git	main	2026-04-06T11:40:17Z	5074	0	NOASSERTION
kulapoo/opencode-agent-harness	https://github.com/kulapoo/opencode-agent-harness.git	main	2026-07-06T14:48:14Z	444	0	MIT
HellenAngeli/claw-forge	https://github.com/HellenAngeli/claw-forge.git	main	2026-07-06T21:19:23Z	720	0	NOASSERTION
OctavianTocan/openclaw-claude-max-agent-sdk-harness	https://github.com/OctavianTocan/openclaw-claude-max-agent-sdk-harness.git	main	2026-05-08T17:31:46Z	121	0	NOASSERTION
mcfordblessings2-cloud/agent-orchestra-bootloader	https://github.com/mcfordblessings2-cloud/agent-orchestra-bootloader.git	main	2026-05-20T22:19:36Z	5	0	NOASSERTION
bowen31337/claw-forge-plugin	https://github.com/bowen31337/claw-forge-plugin.git	main	2026-05-29T02:45:58Z	153	0	Apache-2.0
PoLP0ot/hermes-claude-harness	https://github.com/PoLP0ot/hermes-claude-harness.git	main	2026-06-16T15:03:54Z	32	0	MIT
s-hiraoku/codex-harnesses	https://github.com/s-hiraoku/codex-harnesses.git	main	2026-07-05T04:11:35Z	237	0	MIT
WhiteNoiseK/multi-agent-harness-loop-starter	https://github.com/WhiteNoiseK/multi-agent-harness-loop-starter.git	main	2026-06-29T08:22:30Z	410	0	MIT
Arakiss/greco	https://github.com/Arakiss/greco.git	main	2026-07-05T16:41:27Z	360	0	MIT
premsai-pendela/NexusIQ-AI	https://github.com/premsai-pendela/NexusIQ-AI.git	main	2026-06-23T15:43:59Z	15449	0	MIT
ghbvf/bridle	https://github.com/ghbvf/bridle.git	main	2026-05-02T19:55:52Z	2801	0	MIT
bharat3645/The-Ideal-Harness	https://github.com/bharat3645/The-Ideal-Harness.git	main	2026-06-26T13:18:10Z	259	0	MIT
KranzL/jje	https://github.com/KranzL/jje.git	main	2026-06-29T15:12:29Z	891	0	Apache-2.0
marius-patrik/agents-harness	https://github.com/marius-patrik/agents-harness.git	main	2026-07-06T19:14:58Z	1951	0	NOASSERTION
WhiteNoiseK/claude-codex-harness-loop-starter	https://github.com/WhiteNoiseK/claude-codex-harness-loop-starter.git	main	2026-06-12T20:11:16Z	271	0	MIT
sunrisefromdark/sunrisefromdark.github.io	https://github.com/sunrisefromdark/sunrisefromdark.github.io.git	main	2026-07-06T06:43:41Z	1975	0	NOASSERTION
GeniusTechnoMystic/agentic-swe-grounding-system	https://github.com/GeniusTechnoMystic/agentic-swe-grounding-system.git	main	2026-04-30T08:40:42Z	70	0	NOASSERTION
X-McKay/bakudo	https://github.com/X-McKay/bakudo.git	main	2026-04-26T16:54:40Z	11862	0	Apache-2.0
unified-methods-division/vigil	https://github.com/unified-methods-division/vigil.git	main	2026-04-21T20:35:40Z	36	0	MIT
hanlinlibham/able-harness-kit	https://github.com/hanlinlibham/able-harness-kit.git	main	2026-05-31T17:05:10Z	26	0	MIT
estefanotuyama/radio-mcp	https://github.com/estefanotuyama/radio-mcp.git	master	2026-06-01T21:49:54Z	304	0	MIT
danielvogler/deep-agent-swe-harness	https://github.com/danielvogler/deep-agent-swe-harness.git	main	2026-06-21T06:24:54Z	445	0	MIT
m83iyer/upbringing	https://github.com/m83iyer/upbringing.git	main	2026-07-04T18:42:09Z	56	0	MIT
dangeranger/conductor	https://github.com/dangeranger/conductor.git	main	2026-06-18T20:31:09Z	113	0	NOASSERTION
primorLee/harnesslab	https://github.com/primorLee/harnesslab.git	main	2026-06-25T10:15:24Z	210	0	MIT
sujalmanpara/harness-engine	https://github.com/sujalmanpara/harness-engine.git	main	2026-05-27T10:19:34Z	1104	0	MIT
BraveCowNoFear/BraveCow-Harness-Codex	https://github.com/BraveCowNoFear/BraveCow-Harness-Codex.git	main	2026-06-27T17:05:04Z	18	0	MIT
netsky-prod/meta-harness	https://github.com/netsky-prod/meta-harness.git	main	2026-07-01T21:54:01Z	22	0	MIT
blixxurd/context-agent-harnesses	https://github.com/blixxurd/context-agent-harnesses.git	main	2026-06-15T00:41:14Z	235	0	MIT
selfradiance/contextgate	https://github.com/selfradiance/contextgate.git	main	2026-05-17T20:55:45Z	30	0	NOASSERTION
codexceed/avatar-harness	https://github.com/codexceed/avatar-harness.git	main	2026-07-06T11:51:17Z	1649	0	MIT
elvismusli/onlyharness	https://github.com/elvismusli/onlyharness.git	main	2026-07-06T06:28:13Z	1606	0	NOASSERTION
SebastianBoehler/degov-agent-harness	https://github.com/SebastianBoehler/degov-agent-harness.git	master	2026-07-06T09:56:37Z	55	0	MIT
elhenro/bee	https://github.com/elhenro/bee.git	main	2026-06-12T16:33:57Z	8354	0	MIT
to-real/awesome-agent-harness	https://github.com/to-real/awesome-agent-harness.git	master	2026-06-27T00:50:41Z	53	0	CC0-1.0
jaredboynton/unifable	https://github.com/jaredboynton/unifable.git	main	2026-07-05T14:46:08Z	4159	0	NOASSERTION
chalkagents/chalk-protocol	https://github.com/chalkagents/chalk-protocol.git	dev	2026-07-06T12:39:00Z	3040	0	MIT
115th-discomfited211/Awesome-Harness-Engineering	https://github.com/115th-discomfited211/Awesome-Harness-Engineering.git	main	2026-07-06T19:33:44Z	475	0	CC0-1.0
ar27111994/agent-harness-demo-video	https://github.com/ar27111994/agent-harness-demo-video.git	main	2026-06-01T08:44:07Z	23056	0	NOASSERTION
mike-diff/agent-harness-overview	https://github.com/mike-diff/agent-harness-overview.git	main	2026-06-14T02:53:42Z	95	0	MIT
LAHacks2026/Obi_Laptop	https://github.com/LAHacks2026/Obi_Laptop.git	main	2026-05-28T03:01:13Z	25846	0	MIT
SunChJ/learn-agent-harness	https://github.com/SunChJ/learn-agent-harness.git	main	2026-07-06T07:36:58Z	102	0	MIT
allanpablo/forja	https://github.com/allanpablo/forja.git	main	2026-07-06T14:19:42Z	716	0	MIT
lancekrogers/guild-core	https://github.com/lancekrogers/guild-core.git	main	2026-06-16T21:54:33Z	88214	0	NOASSERTION
Trusty-Squire/castellan	https://github.com/Trusty-Squire/castellan.git	master	2026-06-23T19:25:17Z	3117	0	MIT
mike-diff/sesh	https://github.com/mike-diff/sesh.git	main	2026-06-24T03:56:04Z	373	0	MIT
OpenMind7/definitive-agent-harness-guide	https://github.com/OpenMind7/definitive-agent-harness-guide.git	main	2026-04-06T01:01:21Z	54	0	MIT
kakineko/idea-search	https://github.com/kakineko/idea-search.git	main	2026-04-18T09:02:53Z	138	0	MIT
jacksonanstee/agent-harness-JA	https://github.com/jacksonanstee/agent-harness-JA.git	main	2026-07-06T10:41:31Z	416	0	MIT
graphrefly/graphrefly	https://github.com/graphrefly/graphrefly.git	main	2026-07-06T06:24:06Z	6763	0	MIT
dsshap/pi-packages	https://github.com/dsshap/pi-packages.git	main	2026-06-23T21:41:36Z	288	0	MIT
bochen2029-pixel/keel	https://github.com/bochen2029-pixel/keel.git	main	2026-06-15T07:53:02Z	1103	0	NOASSERTION
Anandesh-Sharma/awesome-agent-harnesses	https://github.com/Anandesh-Sharma/awesome-agent-harnesses.git	main	2026-06-16T16:00:43Z	17	0	NOASSERTION
TorstenC/agent-harness-anatomy	https://github.com/TorstenC/agent-harness-anatomy.git	main	2026-04-11T18:31:27Z	430	0	NOASSERTION
selfradiance/reapproval-gate	https://github.com/selfradiance/reapproval-gate.git	main	2026-05-28T19:07:30Z	39	0	MIT
AmazingPeach/agent-startup-map	https://github.com/AmazingPeach/agent-startup-map.git	main	2026-04-25T08:01:28Z	6	0	MIT
graphrefly/graphrefly-py	https://github.com/graphrefly/graphrefly-py.git	main	2026-07-05T07:26:04Z	3370	0	MIT
MadKangYu/document-harness-meetup	https://github.com/MadKangYu/document-harness-meetup.git	main	2026-06-21T15:14:46Z	104	0	MIT
davidemiceli/puro-agent-harness	https://github.com/davidemiceli/puro-agent-harness.git	main	2026-06-17T04:24:32Z	3158	0	AGPL-3.0
DDS-Solutions/Autonomous-Agentic-Tadpole	https://github.com/DDS-Solutions/Autonomous-Agentic-Tadpole.git	main	2026-06-30T12:33:40Z	15695	0	NOASSERTION
Daffiburrlike452/agent-harness-generator	https://github.com/Daffiburrlike452/agent-harness-generator.git	main	2026-07-06T19:50:59Z	11452	0	MIT
motivated-groupthink347/boss-skill	https://github.com/motivated-groupthink347/boss-skill.git	main	2026-07-06T19:36:24Z	582	0	MIT
lelik1813/claw-code-java	https://github.com/lelik1813/claw-code-java.git	main	2026-05-08T06:13:29Z	4764	0	MIT
ATaylorAerospace/Deterministic-Agent-Harness	https://github.com/ATaylorAerospace/Deterministic-Agent-Harness.git	main	2026-06-09T23:06:27Z	132	0	MIT
aaravriyer193/Agtx-code	https://github.com/aaravriyer193/Agtx-code.git	main	2026-06-10T16:47:05Z	20	0	NOASSERTION
aray-17/code-capsules	https://github.com/aray-17/code-capsules.git	main	2026-06-25T05:35:23Z	5294	0	Apache-2.0
logiccrafterdz/SAHA	https://github.com/logiccrafterdz/SAHA.git	master	2026-06-30T20:45:10Z	141	0	MIT
NeoCh3n/HiveForge	https://github.com/NeoCh3n/HiveForge.git	main	2026-07-05T13:23:23Z	145	0	NOASSERTION
ProblemFactory/vibespace	https://github.com/ProblemFactory/vibespace.git	master	2026-07-05T23:17:42Z	23703	0	NOASSERTION
Ruafieldphase/trinity-agi	https://github.com/Ruafieldphase/trinity-agi.git	main	2026-05-26T20:12:09Z	608417	0	NOASSERTION
XXY-CH/Agnet	https://github.com/XXY-CH/Agnet.git	main	2026-07-06T09:04:38Z	873	0	NOASSERTION
rohaquinlop/michin	https://github.com/rohaquinlop/michin.git	main	2026-06-11T22:12:34Z	961	0	MIT
netsky-prod/harness-spectrum	https://github.com/netsky-prod/harness-spectrum.git	main	2026-07-01T21:54:07Z	10	0	MIT
benlongmao/Self-becoming-zh	https://github.com/benlongmao/Self-becoming-zh.git	main	2026-07-01T03:59:56Z	3987	0	Apache-2.0
headcrabz/horizonX	https://github.com/headcrabz/horizonX.git	master	2026-05-01T19:09:16Z	175	0	NOASSERTION
jiangyinzuo/agentic-software-engineering	https://github.com/jiangyinzuo/agentic-software-engineering.git	main	2026-05-09T02:03:43Z	28	0	NOASSERTION
az9713/localforge-agent-harness-study	https://github.com/az9713/localforge-agent-harness-study.git	main	2026-05-09T01:35:08Z	3179	0	Apache-2.0
loveliiivelaugh/memoryme	https://github.com/loveliiivelaugh/memoryme.git	main	2026-04-25T17:50:21Z	3635	0	NOASSERTION
qwc2869/product-to-tiktok-agent-ralphthon	https://github.com/qwc2869/product-to-tiktok-agent-ralphthon.git	main	2026-03-21T09:32:00Z	13	0	NOASSERTION
portpowered/you-agent-factory-docs	https://github.com/portpowered/you-agent-factory-docs.git	main	2026-06-18T07:08:33Z	1178	0	MIT
cogimanus/my-harness	https://github.com/cogimanus/my-harness.git	main	2026-06-24T00:13:19Z	11	0	NOASSERTION
meetsoma/website	https://github.com/meetsoma/website.git	main	2026-06-26T08:21:08Z	78265	0	NOASSERTION
maisieyang/build-my-own-harness	https://github.com/maisieyang/build-my-own-harness.git	main	2026-07-05T06:04:16Z	2932	0	NOASSERTION
dunkeln/murdock	https://github.com/dunkeln/murdock.git	mucho	2026-05-28T02:31:10Z	1441	0	NOASSERTION
yufengtianyufeng/agent-harness-workflow	https://github.com/yufengtianyufeng/agent-harness-workflow.git	main	2026-05-28T15:56:05Z	18	0	MIT
354685856-sn/claude-code-skills	https://github.com/354685856-sn/claude-code-skills.git	main	2026-05-06T10:33:33Z	16	0	MIT
zachxtr/portable-agent-harness	https://github.com/zachxtr/portable-agent-harness.git	main	2026-06-12T18:42:40Z	13108	0	NOASSERTION
CheemsaDoge/tcs-cosheaf	https://github.com/CheemsaDoge/tcs-cosheaf.git	main	2026-06-20T04:36:26Z	3110	0	Apache-2.0
thomas0124/ralph	https://github.com/thomas0124/ralph.git	main	2026-06-27T06:48:30Z	78	0	MIT
Mrbaeksang/solopilot	https://github.com/Mrbaeksang/solopilot.git	main	2026-04-27T06:25:34Z	17	0	MIT
luckzy14-afk/agent-harness-orchestrator	https://github.com/luckzy14-afk/agent-harness-orchestrator.git	main	2026-07-06T20:54:04Z	600	0	NOASSERTION
RubenHaisma/rl-studio	https://github.com/RubenHaisma/rl-studio.git	main	2026-06-08T12:11:26Z	338	0	Apache-2.0
penglei0501/agent-harness-lab	https://github.com/penglei0501/agent-harness-lab.git	main	2026-06-11T07:21:14Z	1315	0	NOASSERTION
qazasd2518995/helmsman	https://github.com/qazasd2518995/helmsman.git	main	2026-06-29T06:03:31Z	28	0	MIT
yubi00/portfolio-assistant-langgraph	https://github.com/yubi00/portfolio-assistant-langgraph.git	main	2026-05-05T16:19:42Z	1169	0	NOASSERTION
selfradiance/agent-interrupt-receipt	https://github.com/selfradiance/agent-interrupt-receipt.git	main	2026-05-29T13:15:51Z	28	0	NOASSERTION
kolife01/evifarm	https://github.com/kolife01/evifarm.git	main	2026-06-11T05:24:24Z	230	0	MIT
duck-lint/Semantic-Geometry-CLI-Harness	https://github.com/duck-lint/Semantic-Geometry-CLI-Harness.git	two	2026-06-18T13:53:49Z	723	0	MIT
Warzone-Team/autopilot-coordinator-flow	https://github.com/Warzone-Team/autopilot-coordinator-flow.git	main	2026-07-06T21:16:53Z	818	0	NOASSERTION
VibeCodingNights/portable-harnesses	https://github.com/VibeCodingNights/portable-harnesses.git	main	2026-05-12T10:35:14Z	120	0	NOASSERTION
Mattyreed1/fractal-agent-team-starter	https://github.com/Mattyreed1/fractal-agent-team-starter.git	main	2026-06-29T02:18:08Z	320	0	MIT
angelnicolasc/forge	https://github.com/angelnicolasc/forge.git	main	2026-05-19T23:11:14Z	1067	0	Apache-2.0
greg-asher/oh-my-lawd	https://github.com/greg-asher/oh-my-lawd.git	main	2026-04-04T03:51:36Z	99	0	Apache-2.0
Norinatiring463/loop-engineering	https://github.com/Norinatiring463/loop-engineering.git	main	2026-07-06T19:54:22Z	619	0	MIT
ShenAC-SAC/AdaHarness	https://github.com/ShenAC-SAC/AdaHarness.git	main	2026-05-14T03:14:23Z	515	0	MIT
smithg09/arcgentic	https://github.com/smithg09/arcgentic.git	main	2026-06-13T17:18:54Z	161098	0	NOASSERTION
dunkeln/signals	https://github.com/dunkeln/signals.git	mucho	2026-06-26T07:24:18Z	444	0	NOASSERTION
bigwaveml/bigwave	https://github.com/bigwaveml/bigwave.git	main	2026-05-19T10:33:37Z	1468	0	Apache-2.0
0xenzyme/agent-harness	https://github.com/0xenzyme/agent-harness.git	main	2026-07-06T10:16:57Z	5308	0	MIT
farhan0167/minimal-agent	https://github.com/farhan0167/minimal-agent.git	main	2026-07-06T20:07:20Z	722	0	NOASSERTION
nqtiendat/harness-agent-framework	https://github.com/nqtiendat/harness-agent-framework.git	main	2026-06-01T04:52:14Z	63	0	NOASSERTION
lumatic2/askewly-harness	https://github.com/lumatic2/askewly-harness.git	master	2026-06-30T08:25:47Z	93	0	MIT
354685856-sn/354685856-sn	https://github.com/354685856-sn/354685856-sn.git	main	2026-07-03T02:58:41Z	2	0	NOASSERTION
zhangyi-nb1/localflow	https://github.com/zhangyi-nb1/localflow.git	main	2026-07-05T05:09:20Z	12273	0	NOASSERTION
assimovt/harness-from-scratch	https://github.com/assimovt/harness-from-scratch.git	main	2026-07-06T13:14:31Z	15	0	MIT
arsham/rivet	https://github.com/arsham/rivet.git	master	2026-05-06T13:06:41Z	11290	0	Apache-2.0
ziyilam3999/local-first-agent-harness	https://github.com/ziyilam3999/local-first-agent-harness.git	main	2026-06-17T01:45:25Z	199	0	MIT
ink-charon/codepilot_lite	https://github.com/ink-charon/codepilot_lite.git	main	2026-06-18T05:54:26Z	51	0	NOASSERTION
liuchao1637/longrun-agent-harness	https://github.com/liuchao1637/longrun-agent-harness.git	main	2026-05-31T04:10:42Z	11	0	MIT
mandarnilange/agentforge	https://github.com/mandarnilange/agentforge.git	main	2026-06-22T08:04:16Z	1215	0	MIT
barry166/tiny-claw	https://github.com/barry166/tiny-claw.git	codex/session-plan-mode-cli	2026-06-25T15:50:12Z	466	0	MIT
Ruafieldphase/shion-ai	https://github.com/Ruafieldphase/shion-ai.git	main	2026-05-22T21:48:35Z	1382	0	NOASSERTION
354685856-sn/claude-obsidian-learning	https://github.com/354685856-sn/claude-obsidian-learning.git	master	2026-05-06T05:59:35Z	17	0	NOASSERTION
hhamja/loopkit	https://github.com/hhamja/loopkit.git	main	2026-07-06T12:38:37Z	82	0	MIT
